"id_recinto";"nombre";"direccion";"id_localidad";"created_at";"updated_at"
"1";"(Cárcel) Penitenciaria Arani";"N/A";"1";"2026-03-06 00:00:00";"2026-03-06 00:00:00"
"2";"Escuela Gualberto Villarroel (Arani)";"N/A";"1";"2026-03-06 00:00:00";"2026-03-06 00:00:00"
"3";"U.E. Arani";"N/A";"1";"2026-03-06 00:00:00";"2026-03-06 00:00:00"
"4";"Unidad Educativa Collpaciaco";"N/A";"2";"2026-03-06 00:00:00";"2026-03-06 00:00:00"
"5";"Escuela Mixta Pocoata";"N/A";"3";"2026-03-06 00:00:00";"2026-03-06 00:00:00"
"6";"U.E. Serrano";"N/A";"4";"2026-03-06 00:00:00";"2026-03-06 00:00:00"
"7";"U.E. David Morato Cañadas";"N/A";"5";"2026-03-06 00:00:00";"2026-03-06 00:00:00"
"8";"Unidad Educativa Totorapampa";"N/A";"6";"2026-03-06 00:00:00";"2026-03-06 00:00:00"
"9";"Escuela Seccional Rodeo A";"N/A";"7";"2026-03-06 00:00:00";"2026-03-06 00:00:00"
"10";"Escuela Experimental Vacas";"N/A";"8";"2026-03-06 00:00:00";"2026-03-06 00:00:00"
"11";"Escuela Nataniel Aguirre";"N/A";"9";"2026-03-06 00:00:00";"2026-03-06 00:00:00"
"12";"Unidad Educativa Changolla";"N/A";"10";"2026-03-06 00:00:00";"2026-03-06 00:00:00"
"13";"U.E. San Pedro";"N/A";"11";"2026-03-06 00:00:00";"2026-03-06 00:00:00"
"14";"U.E. Julio Dario Dazzi";"N/A";"12";"2026-03-06 00:00:00";"2026-03-06 00:00:00"
"15";"U.E. Dña. Adela Zamudio";"N/A";"13";"2026-03-06 00:00:00";"2026-03-06 00:00:00"
"16";"Escuela E Internado Dario Antezana V.";"N/A";"14";"2026-03-06 00:00:00";"2026-03-06 00:00:00"
"17";"Escuela Juana Azurduy   Pongo K'Asa";"N/A";"15";"2026-03-06 00:00:00";"2026-03-06 00:00:00"
"18";"Unidad Escolar Tupac Katari   Tarujayña";"N/A";"16";"2026-03-06 00:00:00";"2026-03-06 00:00:00"
"19";"Escuela Marcelo Quiroga Santa Cruz";"N/A";"17";"2026-03-06 00:00:00";"2026-03-06 00:00:00"
"20";"Escuela Vicente Donoso (Aguas Calientes)";"N/A";"18";"2026-03-06 00:00:00";"2026-03-06 00:00:00"
"21";"Unidad Educativa Auquipampa";"N/A";"19";"2026-03-06 00:00:00";"2026-03-06 00:00:00"
"22";"U.E. Tupac Katari";"N/A";"20";"2026-03-06 00:00:00";"2026-03-06 00:00:00"
"23";"U.E. Genoveva Rios (Tacopaya)";"N/A";"21";"2026-03-06 00:00:00";"2026-03-06 00:00:00"
"24";"Unidad Educativa Aniceto Arce";"N/A";"22";"2026-03-06 00:00:00";"2026-03-06 00:00:00"
"25";"U.E. Adolfo Mercado";"N/A";"23";"2026-03-06 00:00:00";"2026-03-06 00:00:00"
"26";"Escuela Elizardo Perez (Totorapampa)";"N/A";"24";"2026-03-06 00:00:00";"2026-03-06 00:00:00"
"27";"Escuela Martin Cardenas (Tujuta)";"N/A";"25";"2026-03-06 00:00:00";"2026-03-06 00:00:00"
"28";"Escuela Seccional Rene Barrientos";"N/A";"26";"2026-03-06 00:00:00";"2026-03-06 00:00:00"
"29";"U. E. 12 de Abril";"N/A";"27";"2026-03-06 00:00:00";"2026-03-06 00:00:00"
"30";"U. E. Ascasivi";"N/A";"28";"2026-03-06 00:00:00";"2026-03-06 00:00:00"
"31";"Escuela Mariano Baptista (Calchani)";"N/A";"29";"2026-03-06 00:00:00";"2026-03-06 00:00:00"
"32";"U.E. Karhuani";"N/A";"30";"2026-03-06 00:00:00";"2026-03-06 00:00:00"
"33";"U.E. Chamacoma";"N/A";"31";"2026-03-06 00:00:00";"2026-03-06 00:00:00"
"34";"Unidad Educativa Charahuaytu";"N/A";"32";"2026-03-06 00:00:00";"2026-03-06 00:00:00"
"35";"Unidad Educativa Chapisuyo A";"N/A";"33";"2026-03-06 00:00:00";"2026-03-06 00:00:00"
"36";"U. E. Qhulaya";"N/A";"34";"2026-03-06 00:00:00";"2026-03-06 00:00:00"
"37";"U.E. Marcelo Quiroga Santa Cruz (Ayopaya)";"N/A";"35";"2026-03-06 00:00:00";"2026-03-06 00:00:00"
"38";"U.E. Constantino Velasco";"N/A";"36";"2026-03-06 00:00:00";"2026-03-06 00:00:00"
"39";"U. E. Cotani";"N/A";"37";"2026-03-06 00:00:00";"2026-03-06 00:00:00"
"40";"U. E. Cuesta Cuchu";"N/A";"38";"2026-03-06 00:00:00";"2026-03-06 00:00:00"
"41";"Colegio Simon Bolivar Fe y Alegria";"N/A";"39";"2026-03-06 00:00:00";"2026-03-06 00:00:00"
"42";"U.E. Jose Miguel Lanza";"N/A";"40";"2026-03-06 00:00:00";"2026-03-06 00:00:00"
"43";"U. E. Lirimani";"N/A";"41";"2026-03-06 00:00:00";"2026-03-06 00:00:00"
"44";"U. E. Llajma";"N/A";"42";"2026-03-06 00:00:00";"2026-03-06 00:00:00"
"45";"Unidad Educativa Machaca";"N/A";"43";"2026-03-06 00:00:00";"2026-03-06 00:00:00"
"46";"U.E. Julian Apaza de Pocanchi";"N/A";"44";"2026-03-06 00:00:00";"2026-03-06 00:00:00"
"47";"Unidad Educativa Sisi Palermo";"N/A";"45";"2026-03-06 00:00:00";"2026-03-06 00:00:00"
"48";"Unidad Educativa Tapaza";"N/A";"46";"2026-03-06 00:00:00";"2026-03-06 00:00:00"
"49";"Unidad Educativa Sabino Wallku";"N/A";"47";"2026-03-06 00:00:00";"2026-03-06 00:00:00"
"50";"Unidad Educativa Villa Pucara";"N/A";"48";"2026-03-06 00:00:00";"2026-03-06 00:00:00"
"51";"Escuela Pedro Domingo Murillo  Calientes";"N/A";"49";"2026-03-06 00:00:00";"2026-03-06 00:00:00"
"52";"Unidad Educativa Chiaraje";"N/A";"50";"2026-03-06 00:00:00";"2026-03-06 00:00:00"
"53";"Nucleo German Busch (Chillavi)";"N/A";"51";"2026-03-06 00:00:00";"2026-03-06 00:00:00"
"54";"Colegio Secundario Cocapata";"N/A";"52";"2026-03-06 00:00:00";"2026-03-06 00:00:00"
"55";"Unidad Educativa Colorado";"N/A";"53";"2026-03-06 00:00:00";"2026-03-06 00:00:00"
"56";"Unidad Educativa El Chorito";"N/A";"54";"2026-03-06 00:00:00";"2026-03-06 00:00:00"
"57";"Escuela 15 de Febrero (El Choro)";"N/A";"55";"2026-03-06 00:00:00";"2026-03-06 00:00:00"
"58";"Escuela Choquecamata (Falsuri)";"N/A";"56";"2026-03-06 00:00:00";"2026-03-06 00:00:00"
"59";"U.E. Huajchamayu";"N/A";"57";"2026-03-06 00:00:00";"2026-03-06 00:00:00"
"60";"Unidad Educativa Icari";"N/A";"58";"2026-03-06 00:00:00";"2026-03-06 00:00:00"
"61";"U.E. Juan Arrutia";"N/A";"59";"2026-03-06 00:00:00";"2026-03-06 00:00:00"
"62";"U.E. Lagunillas";"N/A";"60";"2026-03-06 00:00:00";"2026-03-06 00:00:00"
"63";"Escuela Seccional Machacayma";"N/A";"61";"2026-03-06 00:00:00";"2026-03-06 00:00:00"
"64";"Unidad Educativa Maravillas";"N/A";"62";"2026-03-06 00:00:00";"2026-03-06 00:00:00"
"65";"U.E. Muñoz Cueva";"N/A";"63";"2026-03-06 00:00:00";"2026-03-06 00:00:00"
"66";"Nucleo Escolar Pedro Laime Chuspi";"N/A";"64";"2026-03-06 00:00:00";"2026-03-06 00:00:00"
"67";"U.E. Seque Rancho";"N/A";"65";"2026-03-06 00:00:00";"2026-03-06 00:00:00"
"68";"U.E. Tocorani";"N/A";"66";"2026-03-06 00:00:00";"2026-03-06 00:00:00"
"69";"Unidad Educativa Totorani";"N/A";"67";"2026-03-06 00:00:00";"2026-03-06 00:00:00"
"70";"U.E. Tunari";"N/A";"68";"2026-03-06 00:00:00";"2026-03-06 00:00:00"
"71";"Escuela Oscar Alfaro   Villa Vinto";"N/A";"69";"2026-03-06 00:00:00";"2026-03-06 00:00:00"
"72";"Escuela 26 de Mayo   Chaupisuyo B";"N/A";"70";"2026-03-06 00:00:00";"2026-03-06 00:00:00"
"73";"Escuela Gildaro Antezana Rojas";"N/A";"71";"2026-03-06 00:00:00";"2026-03-06 00:00:00"
"74";"Unidad Educativa Humamarca";"N/A";"72";"2026-03-06 00:00:00";"2026-03-06 00:00:00"
"75";"Unidad Educativa Iglesiani";"N/A";"73";"2026-03-06 00:00:00";"2026-03-06 00:00:00"
"76";"U. E. Raymundo Herman Pint";"N/A";"74";"2026-03-06 00:00:00";"2026-03-06 00:00:00"
"77";"Escuela Mariano Baptista  Morochata";"N/A";"75";"2026-03-06 00:00:00";"2026-03-06 00:00:00"
"78";"Colegio Rene Barrientos Ortuño  Piusilla";"N/A";"76";"2026-03-06 00:00:00";"2026-03-06 00:00:00"
"79";"Unidad Educativa Pucarani Grande";"N/A";"77";"2026-03-06 00:00:00";"2026-03-06 00:00:00"
"80";"Escuela Julio Espinoza Canelas Punacachi";"N/A";"78";"2026-03-06 00:00:00";"2026-03-06 00:00:00"
"81";"U. E. Sauce Rancho";"N/A";"79";"2026-03-06 00:00:00";"2026-03-06 00:00:00"
"82";"U. E. Tuiruni";"N/A";"80";"2026-03-06 00:00:00";"2026-03-06 00:00:00"
"83";"Escuela Hilarion Grageda   Yayani";"N/A";"81";"2026-03-06 00:00:00";"2026-03-06 00:00:00"
"84";"U.E. Simón Bolivar";"N/A";"82";"2026-03-06 00:00:00";"2026-03-06 00:00:00"
"85";"U.E. Carpani";"N/A";"83";"2026-03-06 00:00:00";"2026-03-06 00:00:00"
"86";"U.E. Challoma";"N/A";"84";"2026-03-06 00:00:00";"2026-03-06 00:00:00"
"87";"U.E. San Juan de La Comuna";"N/A";"85";"2026-03-06 00:00:00";"2026-03-06 00:00:00"
"88";"Escuela Coyuma";"N/A";"86";"2026-03-06 00:00:00";"2026-03-06 00:00:00"
"89";"Escuela Jorenko Villa Verde";"N/A";"87";"2026-03-06 00:00:00";"2026-03-06 00:00:00"
"90";"U.E. Tangaleque";"N/A";"88";"2026-03-06 00:00:00";"2026-03-06 00:00:00"
"91";"Escuela Vilacayma";"N/A";"89";"2026-03-06 00:00:00";"2026-03-06 00:00:00"
"92";"U.E. Vilapampa";"N/A";"90";"2026-03-06 00:00:00";"2026-03-06 00:00:00"
"93";"U.E. Mejillones de Villa Victoria";"N/A";"91";"2026-03-06 00:00:00";"2026-03-06 00:00:00"
"94";"U.E. Yarvicoya";"N/A";"92";"2026-03-06 00:00:00";"2026-03-06 00:00:00"
"95";"Escuela 20 de Diciembre";"N/A";"93";"2026-03-06 00:00:00";"2026-03-06 00:00:00"
"96";"Escuela Manuel De Ugarte";"N/A";"93";"2026-03-06 00:00:00";"2026-03-06 00:00:00"
"97";"Escuela Simon Rodriguez";"N/A";"93";"2026-03-06 00:00:00";"2026-03-06 00:00:00"
"98";"U.E. Jose Nabor Quintana Navia";"N/A";"93";"2026-03-06 00:00:00";"2026-03-06 00:00:00"
"99";"U.E. San Adalberto Fe y Alegría";"N/A";"93";"2026-03-06 00:00:00";"2026-03-06 00:00:00"
"100";"U.E. Simón Bolivar (Aiquile)";"N/A";"93";"2026-03-06 00:00:00";"2026-03-06 00:00:00"
"101";"Unidad Educativa Chaqui Mayu";"N/A";"94";"2026-03-06 00:00:00";"2026-03-06 00:00:00"
"102";"Unidad Educativa Eje Pampa";"N/A";"95";"2026-03-06 00:00:00";"2026-03-06 00:00:00"
"103";"Nucleo Escolar El Cercado";"N/A";"96";"2026-03-06 00:00:00";"2026-03-06 00:00:00"
"104";"Unidad Educativa Estanzuela";"N/A";"97";"2026-03-06 00:00:00";"2026-03-06 00:00:00"
"105";"U.E. Higus Pampa";"N/A";"98";"2026-03-06 00:00:00";"2026-03-06 00:00:00"
"106";"U.E. Jarka Mayu";"N/A";"99";"2026-03-06 00:00:00";"2026-03-06 00:00:00"
"107";"Unidad Educativa Lagarpampa";"N/A";"100";"2026-03-06 00:00:00";"2026-03-06 00:00:00"
"108";"Unidad Educativa Laime";"N/A";"101";"2026-03-06 00:00:00";"2026-03-06 00:00:00"
"109";"U.E. Marquilla";"N/A";"102";"2026-03-06 00:00:00";"2026-03-06 00:00:00"
"110";"U.E. Molle Pampa";"N/A";"103";"2026-03-06 00:00:00";"2026-03-06 00:00:00"
"111";"Unidad Educativa Novillero";"N/A";"104";"2026-03-06 00:00:00";"2026-03-06 00:00:00"
"112";"Unidad Educativa Panama";"N/A";"105";"2026-03-06 00:00:00";"2026-03-06 00:00:00"
"113";"Unidad Educativa Kewiñal";"N/A";"106";"2026-03-06 00:00:00";"2026-03-06 00:00:00"
"114";"Unidad Educativa Quiroga";"N/A";"107";"2026-03-06 00:00:00";"2026-03-06 00:00:00"
"115";"U.E. San Antonio";"N/A";"108";"2026-03-06 00:00:00";"2026-03-06 00:00:00"
"116";"U.E. Tabla Mayu";"N/A";"109";"2026-03-06 00:00:00";"2026-03-06 00:00:00"
"117";"U. E. Tipa Pampa";"N/A";"110";"2026-03-06 00:00:00";"2026-03-06 00:00:00"
"118";"Nucleo Educativo Tipajara";"N/A";"111";"2026-03-06 00:00:00";"2026-03-06 00:00:00"
"119";"Nucleo Escolar Villa Granado";"N/A";"112";"2026-03-06 00:00:00";"2026-03-06 00:00:00"
"120";"Escuela Seccional Chari Chari";"N/A";"113";"2026-03-06 00:00:00";"2026-03-06 00:00:00"
"121";"Unidad Educativa Huanacuni Grande";"N/A";"114";"2026-03-06 00:00:00";"2026-03-06 00:00:00"
"122";"Unidad Educativa Omereque";"N/A";"115";"2026-03-06 00:00:00";"2026-03-06 00:00:00"
"123";"Escuela Central Peña Colorada";"N/A";"116";"2026-03-06 00:00:00";"2026-03-06 00:00:00"
"124";"Unidad Educativa Perereta";"N/A";"117";"2026-03-06 00:00:00";"2026-03-06 00:00:00"
"125";"Escuela Seccional Perez";"N/A";"118";"2026-03-06 00:00:00";"2026-03-06 00:00:00"
"126";"U.E. Redondo";"N/A";"119";"2026-03-06 00:00:00";"2026-03-06 00:00:00"
"127";"Unidad Educativa Pampas";"N/A";"120";"2026-03-06 00:00:00";"2026-03-06 00:00:00"
"128";"Colegio Tte.Cnel. Nataniel Verduguez";"N/A";"121";"2026-03-06 00:00:00";"2026-03-06 00:00:00"
"129";"Escuela Central Quinori";"N/A";"122";"2026-03-06 00:00:00";"2026-03-06 00:00:00"
"130";"Unidad Educativa Seibas";"N/A";"123";"2026-03-06 00:00:00";"2026-03-06 00:00:00"
"131";"Sede Sindical Yajo Pampa";"N/A";"124";"2026-03-06 00:00:00";"2026-03-06 00:00:00"
"132";"Escuela Apillapampa";"N/A";"125";"2026-03-06 00:00:00";"2026-03-06 00:00:00"
"133";"Escuela Victor Barrientos";"N/A";"126";"2026-03-06 00:00:00";"2026-03-06 00:00:00"
"134";"U. E. Oscar Unzaga De La Vega";"N/A";"126";"2026-03-06 00:00:00";"2026-03-06 00:00:00"
"135";"U.E. Rodolfo Montaño Valderrama";"N/A";"126";"2026-03-06 00:00:00";"2026-03-06 00:00:00"
"136";"Unidad Educativa Juana Azurduy De Padilla (Capinota)";"N/A";"126";"2026-03-06 00:00:00";"2026-03-06 00:00:00"
"137";"Unidad Educativa Gustavo Garcia (Charamo)";"N/A";"127";"2026-03-06 00:00:00";"2026-03-06 00:00:00"
"138";"Nucleo Central Hornoma";"N/A";"128";"2026-03-06 00:00:00";"2026-03-06 00:00:00"
"139";"U.E. Jaime Mendez Quiroga";"N/A";"129";"2026-03-06 00:00:00";"2026-03-06 00:00:00"
"140";"Unidad Educativa Custodio Ayaviri";"N/A";"129";"2026-03-06 00:00:00";"2026-03-06 00:00:00"
"141";"Escuela Central Marcavi";"N/A";"130";"2026-03-06 00:00:00";"2026-03-06 00:00:00"
"142";"U. E. Playa Ancha";"N/A";"131";"2026-03-06 00:00:00";"2026-03-06 00:00:00"
"143";"Unidad Educativa Tokoalla";"N/A";"132";"2026-03-06 00:00:00";"2026-03-06 00:00:00"
"144";"Unidad Educativa Yatamoco";"N/A";"133";"2026-03-06 00:00:00";"2026-03-06 00:00:00"
"145";"Sub Central Enrique Encinas (Ex Calera)";"N/A";"134";"2026-03-06 00:00:00";"2026-03-06 00:00:00"
"146";"Unidad Educativa Caporaya";"N/A";"135";"2026-03-06 00:00:00";"2026-03-06 00:00:00"
"147";"Sede Social Chojtama";"N/A";"136";"2026-03-06 00:00:00";"2026-03-06 00:00:00"
"148";"U. E. Castor Zambrana Huayñacota";"N/A";"137";"2026-03-06 00:00:00";"2026-03-06 00:00:00"
"149";"Unidad Educativa Pampa Churihua";"N/A";"138";"2026-03-06 00:00:00";"2026-03-06 00:00:00"
"150";"Unidad Educativa Jose Rivera";"N/A";"139";"2026-03-06 00:00:00";"2026-03-06 00:00:00"
"151";"Unidad Educativa Rocha Rancho";"N/A";"140";"2026-03-06 00:00:00";"2026-03-06 00:00:00"
"152";"Escuela Prudencio Arauco (Santivañez)";"N/A";"141";"2026-03-06 00:00:00";"2026-03-06 00:00:00"
"153";"U. E. Orcoma";"N/A";"142";"2026-03-06 00:00:00";"2026-03-06 00:00:00"
"154";"Nucleo Humanistico Sicaya";"N/A";"143";"2026-03-06 00:00:00";"2026-03-06 00:00:00"
"155";"U. E. Dionisio Morales";"N/A";"144";"2026-03-06 00:00:00";"2026-03-06 00:00:00"
"156";"Unidad Educativa Cesar Zama (Chimore)";"N/A";"145";"2026-03-06 00:00:00";"2026-03-06 00:00:00"
"157";"Escuela Gerónimo Uzeda Fe y Alegria";"N/A";"146";"2026-03-06 00:00:00";"2026-03-06 00:00:00"
"158";"U. E. Ernesto Che Guevara";"N/A";"146";"2026-03-06 00:00:00";"2026-03-06 00:00:00"
"159";"U.E. Marcelo Quiroga Santa Cruz";"N/A";"146";"2026-03-06 00:00:00";"2026-03-06 00:00:00"
"160";"Unidad Educativa El Carmen";"N/A";"147";"2026-03-06 00:00:00";"2026-03-06 00:00:00"
"161";"Nucleo Educativo Entre Rios Tacuaral";"N/A";"148";"2026-03-06 00:00:00";"2026-03-06 00:00:00"
"162";"Escuela La Mision";"N/A";"149";"2026-03-06 00:00:00";"2026-03-06 00:00:00"
"163";"Sede Comunal Pachinu";"N/A";"150";"2026-03-06 00:00:00";"2026-03-06 00:00:00"
"164";"Nucleo Escolar Puerto Aurora";"N/A";"151";"2026-03-06 00:00:00";"2026-03-06 00:00:00"
"165";"U.E. Puerto Cochabamba";"N/A";"152";"2026-03-06 00:00:00";"2026-03-06 00:00:00"
"166";"Unidad Educativa Puerto las Flores";"N/A";"153";"2026-03-06 00:00:00";"2026-03-06 00:00:00"
"167";"Unidad Educativa San Andrés";"N/A";"154";"2026-03-06 00:00:00";"2026-03-06 00:00:00"
"168";"Unidad Educativa Santa Anita";"N/A";"155";"2026-03-06 00:00:00";"2026-03-06 00:00:00"
"169";"Unidad Educativa Santa Isabel";"N/A";"156";"2026-03-06 00:00:00";"2026-03-06 00:00:00"
"170";"U.E. Senda III";"N/A";"157";"2026-03-06 00:00:00";"2026-03-06 00:00:00"
"171";"U.E. Bolivia";"N/A";"158";"2026-03-06 00:00:00";"2026-03-06 00:00:00"
"172";"U. E. Nueva Canaán";"N/A";"159";"2026-03-06 00:00:00";"2026-03-06 00:00:00"
"173";"U. E. 23 de Marzo";"N/A";"160";"2026-03-06 00:00:00";"2026-03-06 00:00:00"
"174";"Unidad Educativa Tres Islas";"N/A";"161";"2026-03-06 00:00:00";"2026-03-06 00:00:00"
"175";"Unidad Educativa Trinidadcito";"N/A";"162";"2026-03-06 00:00:00";"2026-03-06 00:00:00"
"176";"U.E. 10 de Mayo";"N/A";"163";"2026-03-06 00:00:00";"2026-03-06 00:00:00"
"177";"U.E. Esteban Arce";"N/A";"164";"2026-03-06 00:00:00";"2026-03-06 00:00:00"
"178";"U.E. Max Fernández";"N/A";"165";"2026-03-06 00:00:00";"2026-03-06 00:00:00"
"179";"U. E. Elizardo Pérez";"N/A";"166";"2026-03-06 00:00:00";"2026-03-06 00:00:00"
"180";"U.E. San Marcos";"N/A";"166";"2026-03-06 00:00:00";"2026-03-06 00:00:00"
"181";"Colegio Franz Tamayo (Entre Ríos)";"N/A";"167";"2026-03-06 00:00:00";"2026-03-06 00:00:00"
"182";"U. E. José Carrasco (Manco Kapac)";"N/A";"167";"2026-03-06 00:00:00";"2026-03-06 00:00:00"
"183";"U. E. Mariscal Sucre";"N/A";"167";"2026-03-06 00:00:00";"2026-03-06 00:00:00"
"184";"U.E. Nacional Ayacucho";"N/A";"167";"2026-03-06 00:00:00";"2026-03-06 00:00:00"
"185";"U.E. Gualberto Villarroel";"N/A";"168";"2026-03-06 00:00:00";"2026-03-06 00:00:00"
"186";"Escuela Eduardo Avaroa (Isarzama)";"N/A";"169";"2026-03-06 00:00:00";"2026-03-06 00:00:00"
"187";"Unidad Educativa Rio Blanco";"N/A";"170";"2026-03-06 00:00:00";"2026-03-06 00:00:00"
"188";"U.E. Chancadora";"N/A";"171";"2026-03-06 00:00:00";"2026-03-06 00:00:00"
"189";"U.E. 2 de Agosto (Pocona)";"N/A";"172";"2026-03-06 00:00:00";"2026-03-06 00:00:00"
"190";"U.E. Ladislao Cabrera de Chillikchi";"N/A";"173";"2026-03-06 00:00:00";"2026-03-06 00:00:00"
"191";"U.E. Daniel Sanchez Bustamante";"N/A";"174";"2026-03-06 00:00:00";"2026-03-06 00:00:00"
"192";"U.E. Pedro Domingo Murillo";"N/A";"175";"2026-03-06 00:00:00";"2026-03-06 00:00:00"
"193";"U. E. Ismael Montes";"N/A";"176";"2026-03-06 00:00:00";"2026-03-06 00:00:00"
"194";"U.E. René Barrientos Ortuño";"N/A";"177";"2026-03-06 00:00:00";"2026-03-06 00:00:00"
"195";"Centro de Atencion Al Turista";"N/A";"178";"2026-03-06 00:00:00";"2026-03-06 00:00:00"
"196";"U.E. Julio Guardia Sandoval de Laimiña";"N/A";"179";"2026-03-06 00:00:00";"2026-03-06 00:00:00"
"197";"U. E. 6 de Agosto";"N/A";"180";"2026-03-06 00:00:00";"2026-03-06 00:00:00"
"198";"U.E. Angel Escobar";"N/A";"181";"2026-03-06 00:00:00";"2026-03-06 00:00:00"
"199";"U. E. 23 de Mayo";"N/A";"182";"2026-03-06 00:00:00";"2026-03-06 00:00:00"
"200";"U.E. Javier Gonzales";"N/A";"183";"2026-03-06 00:00:00";"2026-03-06 00:00:00"
"201";"Sede Social Sombrerito";"N/A";"184";"2026-03-06 00:00:00";"2026-03-06 00:00:00"
"202";"U.E. Filiberto Alvarado";"N/A";"185";"2026-03-06 00:00:00";"2026-03-06 00:00:00"
"203";"Unidad Educativa Challhuani";"N/A";"186";"2026-03-06 00:00:00";"2026-03-06 00:00:00"
"204";"Unidad Educativa Dian Pampa";"N/A";"187";"2026-03-06 00:00:00";"2026-03-06 00:00:00"
"205";"Nucleo Escolar Duraznillo";"N/A";"188";"2026-03-06 00:00:00";"2026-03-06 00:00:00"
"206";"Unidad Educativa Kara Huasi   Pojo";"N/A";"189";"2026-03-06 00:00:00";"2026-03-06 00:00:00"
"207";"Unidad Educativa La Habana";"N/A";"190";"2026-03-06 00:00:00";"2026-03-06 00:00:00"
"208";"Unidad Educativa Palca C";"N/A";"191";"2026-03-06 00:00:00";"2026-03-06 00:00:00"
"209";"Colegio Venancio Loss";"N/A";"192";"2026-03-06 00:00:00";"2026-03-06 00:00:00"
"210";"U.E. 21 de Septiembre (Pojo)";"N/A";"193";"2026-03-06 00:00:00";"2026-03-06 00:00:00"
"211";"Unidad Educativa Rodeo C";"N/A";"194";"2026-03-06 00:00:00";"2026-03-06 00:00:00"
"212";"U.E. Nataniel Aguirre";"N/A";"195";"2026-03-06 00:00:00";"2026-03-06 00:00:00"
"213";"U.E. Elizardo Perez";"N/A";"196";"2026-03-06 00:00:00";"2026-03-06 00:00:00"
"214";"Unidad Educativa Thago Laguna";"N/A";"197";"2026-03-06 00:00:00";"2026-03-06 00:00:00"
"215";"Unidad Educativa Jaime Laredo";"N/A";"198";"2026-03-06 00:00:00";"2026-03-06 00:00:00"
"216";"U.E. Emilio Grageda Zurita";"N/A";"199";"2026-03-06 00:00:00";"2026-03-06 00:00:00"
"217";"Unidad Educativa Yuthupampa";"N/A";"200";"2026-03-06 00:00:00";"2026-03-06 00:00:00"
"218";"Unidad Educativa 2 de Marzo";"N/A";"201";"2026-03-06 00:00:00";"2026-03-06 00:00:00"
"219";"Escuela Ayopaya (P.Villaroel)";"N/A";"202";"2026-03-06 00:00:00";"2026-03-06 00:00:00"
"220";"Centro Polifuncional Cesarzama";"N/A";"203";"2026-03-06 00:00:00";"2026-03-06 00:00:00"
"221";"Unidad Educativa Biarecuaté";"N/A";"204";"2026-03-06 00:00:00";"2026-03-06 00:00:00"
"222";"Unidad Educativa Israel";"N/A";"205";"2026-03-06 00:00:00";"2026-03-06 00:00:00"
"223";"U. E. Bello Horizonte";"N/A";"206";"2026-03-06 00:00:00";"2026-03-06 00:00:00"
"224";"U. E. San Antonio de Padua";"N/A";"206";"2026-03-06 00:00:00";"2026-03-06 00:00:00"
"225";"U.E. Eben Ezer A";"N/A";"206";"2026-03-06 00:00:00";"2026-03-06 00:00:00"
"226";"Unidad Educativa Juana Azurduy De Padilla";"N/A";"206";"2026-03-06 00:00:00";"2026-03-06 00:00:00"
"227";"Unidad Educativa San Francisco De Asis";"N/A";"206";"2026-03-06 00:00:00";"2026-03-06 00:00:00"
"228";"Colegio Libertad";"N/A";"207";"2026-03-06 00:00:00";"2026-03-06 00:00:00"
"229";"Colegio Marcelo Quiroga Santa Cruz";"N/A";"208";"2026-03-06 00:00:00";"2026-03-06 00:00:00"
"230";"Colegio Eduardo Avaroa (P.Villarroel)";"N/A";"209";"2026-03-06 00:00:00";"2026-03-06 00:00:00"
"231";"U.E. Santa Fe  A";"N/A";"210";"2026-03-06 00:00:00";"2026-03-06 00:00:00"
"232";"Escuela Senda 6";"N/A";"211";"2026-03-06 00:00:00";"2026-03-06 00:00:00"
"233";"U.E. Villa Tamborada";"N/A";"212";"2026-03-06 00:00:00";"2026-03-06 00:00:00"
"234";"Colegio Juan Pablo II (Sacta)";"N/A";"213";"2026-03-06 00:00:00";"2026-03-06 00:00:00"
"235";"Escuela Toribio Claure (V. Hermoso)";"N/A";"214";"2026-03-06 00:00:00";"2026-03-06 00:00:00"
"236";"Escuela Buenas Nuevas (Valle Ivirza)";"N/A";"215";"2026-03-06 00:00:00";"2026-03-06 00:00:00"
"237";"Unidad Educativa Valle Tunari";"N/A";"216";"2026-03-06 00:00:00";"2026-03-06 00:00:00"
"238";"Escuela Central Villa Nueva";"N/A";"217";"2026-03-06 00:00:00";"2026-03-06 00:00:00"
"239";"Unidad Educativa Antaqawa";"N/A";"218";"2026-03-06 00:00:00";"2026-03-06 00:00:00"
"240";"Sede Social Yungas de Vandiola";"N/A";"219";"2026-03-06 00:00:00";"2026-03-06 00:00:00"
"241";"U.E. 24 de Marzo";"N/A";"220";"2026-03-06 00:00:00";"2026-03-06 00:00:00"
"242";"Colegio 8 de Septiembre";"N/A";"221";"2026-03-06 00:00:00";"2026-03-06 00:00:00"
"243";"Sede De La Junta Vecinal De Epizana";"N/A";"222";"2026-03-06 00:00:00";"2026-03-06 00:00:00"
"244";"U.E. Icuna";"N/A";"223";"2026-03-06 00:00:00";"2026-03-06 00:00:00"
"245";"U.E. Eduardo Abaroa";"N/A";"224";"2026-03-06 00:00:00";"2026-03-06 00:00:00"
"246";"Unidad Educativa Potrero";"N/A";"225";"2026-03-06 00:00:00";"2026-03-06 00:00:00"
"247";"Sede Social Rancho Catalina";"N/A";"226";"2026-03-06 00:00:00";"2026-03-06 00:00:00"
"248";"U.E. Rodeo Chico";"N/A";"227";"2026-03-06 00:00:00";"2026-03-06 00:00:00"
"249";"Unidad Educativa Rodeo Grande";"N/A";"228";"2026-03-06 00:00:00";"2026-03-06 00:00:00"
"250";"Unidad Educativa Tika Pampa";"N/A";"229";"2026-03-06 00:00:00";"2026-03-06 00:00:00"
"251";"Unidad Educativa Tiraque C";"N/A";"230";"2026-03-06 00:00:00";"2026-03-06 00:00:00"
"252";"U.E. La Paz";"N/A";"231";"2026-03-06 00:00:00";"2026-03-06 00:00:00"
"253";"(Cárcel) Penitenciaria San Antonio";"N/A";"232";"2026-03-06 00:00:00";"2026-03-06 00:00:00"
"254";"(Cárcel) Penitenciaria San Sebastian  Varones";"N/A";"232";"2026-03-06 00:00:00";"2026-03-06 00:00:00"
"255";"(Cárcel) Penitenciaria San Sebastian Mujeres";"N/A";"232";"2026-03-06 00:00:00";"2026-03-06 00:00:00"
"256";"Centro de Educación Alternativa Don Bosco C";"N/A";"232";"2026-03-06 00:00:00";"2026-03-06 00:00:00"
"257";"Centro Educativo P.  Maria Auxiliadora";"N/A";"232";"2026-03-06 00:00:00";"2026-03-06 00:00:00"
"258";"Centro Educativo San Francisco De Asis";"N/A";"232";"2026-03-06 00:00:00";"2026-03-06 00:00:00"
"259";"Centro Inmaculada Concepcion";"N/A";"232";"2026-03-06 00:00:00";"2026-03-06 00:00:00"
"260";"Centro Integrado El Salvador S Vera Cruz";"N/A";"232";"2026-03-06 00:00:00";"2026-03-06 00:00:00"
"261";"Centro Kanata";"N/A";"232";"2026-03-06 00:00:00";"2026-03-06 00:00:00"
"262";"Centro Particular Geronimo De Osorio";"N/A";"232";"2026-03-06 00:00:00";"2026-03-06 00:00:00"
"263";"Colegio Abaroa";"N/A";"232";"2026-03-06 00:00:00";"2026-03-06 00:00:00"
"264";"Colegio Aleman Santa Maria";"N/A";"232";"2026-03-06 00:00:00";"2026-03-06 00:00:00"
"265";"Colegio Amor de Dios";"N/A";"232";"2026-03-06 00:00:00";"2026-03-06 00:00:00"
"266";"Colegio Bolivar";"N/A";"232";"2026-03-06 00:00:00";"2026-03-06 00:00:00"
"267";"Colegio Boliviano Argentino";"N/A";"232";"2026-03-06 00:00:00";"2026-03-06 00:00:00"
"268";"Colegio Branco Petricevic";"N/A";"232";"2026-03-06 00:00:00";"2026-03-06 00:00:00"
"269";"Colegio Buenas Nuevas C";"N/A";"232";"2026-03-06 00:00:00";"2026-03-06 00:00:00"
"270";"Colegio Cristo Rey";"N/A";"232";"2026-03-06 00:00:00";"2026-03-06 00:00:00"
"271";"Colegio Despertad Montessori (Secundario)";"N/A";"232";"2026-03-06 00:00:00";"2026-03-06 00:00:00"
"272";"Colegio Don Bosco";"N/A";"232";"2026-03-06 00:00:00";"2026-03-06 00:00:00"
"273";"Colegio Evangelico Emanuel";"N/A";"232";"2026-03-06 00:00:00";"2026-03-06 00:00:00"
"274";"Colegio Federico Froebel";"N/A";"232";"2026-03-06 00:00:00";"2026-03-06 00:00:00"
"275";"Colegio Hispano Boliviano";"N/A";"232";"2026-03-06 00:00:00";"2026-03-06 00:00:00"
"276";"Colegio Irlandes";"N/A";"232";"2026-03-06 00:00:00";"2026-03-06 00:00:00"
"277";"Colegio Ismael Montes O Luis Espinal";"N/A";"232";"2026-03-06 00:00:00";"2026-03-06 00:00:00"
"278";"Colegio Jaime Escalante";"N/A";"232";"2026-03-06 00:00:00";"2026-03-06 00:00:00"
"279";"Colegio La Salle";"N/A";"232";"2026-03-06 00:00:00";"2026-03-06 00:00:00"
"280";"Colegio La Salle Fiscal";"N/A";"232";"2026-03-06 00:00:00";"2026-03-06 00:00:00"
"281";"Colegio Laura Vicuña";"N/A";"232";"2026-03-06 00:00:00";"2026-03-06 00:00:00"
"282";"Colegio Loyola";"N/A";"232";"2026-03-06 00:00:00";"2026-03-06 00:00:00"
"283";"Colegio Luis Quintin Vila";"N/A";"232";"2026-03-06 00:00:00";"2026-03-06 00:00:00"
"284";"Colegio Marista";"N/A";"232";"2026-03-06 00:00:00";"2026-03-06 00:00:00"
"285";"Colegio Marista Nuestra Señora Del Pilar";"N/A";"232";"2026-03-06 00:00:00";"2026-03-06 00:00:00"
"286";"Colegio Martin Cardenas";"N/A";"232";"2026-03-06 00:00:00";"2026-03-06 00:00:00"
"287";"Colegio Maryknoll";"N/A";"232";"2026-03-06 00:00:00";"2026-03-06 00:00:00"
"288";"Colegio Nacional Mixto Cochabamba";"N/A";"232";"2026-03-06 00:00:00";"2026-03-06 00:00:00"
"289";"Colegio Paulo VI";"N/A";"232";"2026-03-06 00:00:00";"2026-03-06 00:00:00"
"290";"Colegio Pio XII";"N/A";"232";"2026-03-06 00:00:00";"2026-03-06 00:00:00"
"291";"Colegio Richard Von Weizacker";"N/A";"232";"2026-03-06 00:00:00";"2026-03-06 00:00:00"
"292";"Colegio San Antonio De Pucara";"N/A";"232";"2026-03-06 00:00:00";"2026-03-06 00:00:00"
"293";"Colegio San Francisco (Villa Pagador)";"N/A";"232";"2026-03-06 00:00:00";"2026-03-06 00:00:00"
"294";"Colegio San Francisco de Asis";"N/A";"232";"2026-03-06 00:00:00";"2026-03-06 00:00:00"
"295";"Colegio San Rafael";"N/A";"232";"2026-03-06 00:00:00";"2026-03-06 00:00:00"
"296";"Colegio Santa Luisa Marillac";"N/A";"232";"2026-03-06 00:00:00";"2026-03-06 00:00:00"
"297";"Colegio Santo Domingo Savio";"N/A";"232";"2026-03-06 00:00:00";"2026-03-06 00:00:00"
"298";"Colegio Sebastian Pagador";"N/A";"232";"2026-03-06 00:00:00";"2026-03-06 00:00:00"
"299";"Colegio Sergio Almaraz Paz";"N/A";"232";"2026-03-06 00:00:00";"2026-03-06 00:00:00"
"300";"Colegio Tecnico Humanistico Abaroa";"N/A";"232";"2026-03-06 00:00:00";"2026-03-06 00:00:00"
"301";"Colegio Venezuela";"N/A";"232";"2026-03-06 00:00:00";"2026-03-06 00:00:00"
"302";"Colegio Venjamnin";"N/A";"232";"2026-03-06 00:00:00";"2026-03-06 00:00:00"
"303";"Colegio Yugoslavia ( Ex Mariscal Santa Cruz)";"N/A";"232";"2026-03-06 00:00:00";"2026-03-06 00:00:00"
"304";"Esc. Fiscal Juan XXIII A Juancito Pinto";"N/A";"232";"2026-03-06 00:00:00";"2026-03-06 00:00:00"
"305";"Esc. Republica Del Peru O I. Vasquez";"N/A";"232";"2026-03-06 00:00:00";"2026-03-06 00:00:00"
"306";"Escuela 6 de Agosto";"N/A";"232";"2026-03-06 00:00:00";"2026-03-06 00:00:00"
"307";"Escuela Antofagasta";"N/A";"232";"2026-03-06 00:00:00";"2026-03-06 00:00:00"
"308";"Escuela Bolivar";"N/A";"232";"2026-03-06 00:00:00";"2026-03-06 00:00:00"
"309";"Escuela Buenas Nuevas A";"N/A";"232";"2026-03-06 00:00:00";"2026-03-06 00:00:00"
"310";"Escuela Camara Junior";"N/A";"232";"2026-03-06 00:00:00";"2026-03-06 00:00:00"
"311";"Escuela Carlos Medinaceli";"N/A";"232";"2026-03-06 00:00:00";"2026-03-06 00:00:00"
"312";"Escuela Ceferino Namuncura";"N/A";"232";"2026-03-06 00:00:00";"2026-03-06 00:00:00"
"313";"Escuela Central Taquiña A";"N/A";"232";"2026-03-06 00:00:00";"2026-03-06 00:00:00"
"314";"Escuela Central Taquiña C";"N/A";"232";"2026-03-06 00:00:00";"2026-03-06 00:00:00"
"315";"Escuela Eusebio Tudela";"N/A";"232";"2026-03-06 00:00:00";"2026-03-06 00:00:00"
"316";"Escuela Fiscal Juan XXIII A";"N/A";"232";"2026-03-06 00:00:00";"2026-03-06 00:00:00"
"317";"Escuela Gerardo Vargas";"N/A";"232";"2026-03-06 00:00:00";"2026-03-06 00:00:00"
"318";"Escuela Gualberto Villarroel";"N/A";"232";"2026-03-06 00:00:00";"2026-03-06 00:00:00"
"319";"Escuela Gutierrez Mariscal";"N/A";"232";"2026-03-06 00:00:00";"2026-03-06 00:00:00"
"320";"Escuela IV Centenario";"N/A";"232";"2026-03-06 00:00:00";"2026-03-06 00:00:00"
"321";"Escuela Jose Gabriel De Gumucio";"N/A";"232";"2026-03-06 00:00:00";"2026-03-06 00:00:00"
"322";"Escuela Jose Maria Santivañez";"N/A";"232";"2026-03-06 00:00:00";"2026-03-06 00:00:00"
"323";"Escuela Maryknoll";"N/A";"232";"2026-03-06 00:00:00";"2026-03-06 00:00:00"
"324";"Escuela Mixta Fiscal Temporal A";"N/A";"232";"2026-03-06 00:00:00";"2026-03-06 00:00:00"
"325";"Escuela Ricardo Prudencio";"N/A";"232";"2026-03-06 00:00:00";"2026-03-06 00:00:00"
"326";"Escuela Walter Vallejo";"N/A";"232";"2026-03-06 00:00:00";"2026-03-06 00:00:00"
"327";"Escuela Wilge Rodriguez";"N/A";"232";"2026-03-06 00:00:00";"2026-03-06 00:00:00"
"328";"Hogar Comunitario Disneylandia";"N/A";"232";"2026-03-06 00:00:00";"2026-03-06 00:00:00"
"329";"Instituto Americano";"N/A";"232";"2026-03-06 00:00:00";"2026-03-06 00:00:00"
"330";"Instituto Eduardo Laredo";"N/A";"232";"2026-03-06 00:00:00";"2026-03-06 00:00:00"
"331";"kinder Antofagasta";"N/A";"232";"2026-03-06 00:00:00";"2026-03-06 00:00:00"
"332";"kinder Branko Petricevic B";"N/A";"232";"2026-03-06 00:00:00";"2026-03-06 00:00:00"
"333";"Kinder San Joaquín";"N/A";"232";"2026-03-06 00:00:00";"2026-03-06 00:00:00"
"334";"Liceo  Mercedes Candia De Ovando";"N/A";"232";"2026-03-06 00:00:00";"2026-03-06 00:00:00"
"335";"Liceo Adela Zamudio";"N/A";"232";"2026-03-06 00:00:00";"2026-03-06 00:00:00"
"336";"Liceo Elena Arze De Arze";"N/A";"232";"2026-03-06 00:00:00";"2026-03-06 00:00:00"
"337";"Liceo Guindalina Loayza";"N/A";"232";"2026-03-06 00:00:00";"2026-03-06 00:00:00"
"338";"Sede Social Alto Higuerani";"N/A";"232";"2026-03-06 00:00:00";"2026-03-06 00:00:00"
"339";"Sede Social Barrio Colquiri";"N/A";"232";"2026-03-06 00:00:00";"2026-03-06 00:00:00"
"340";"Sede Social de OTB Cerro San Miguel  Alto";"N/A";"232";"2026-03-06 00:00:00";"2026-03-06 00:00:00"
"341";"Sede Social Sindicato Agrario Taquiña";"N/A";"232";"2026-03-06 00:00:00";"2026-03-06 00:00:00"
"342";"Seminario San Jose";"N/A";"232";"2026-03-06 00:00:00";"2026-03-06 00:00:00"
"343";"U. E. 1ro. de Mayo";"N/A";"232";"2026-03-06 00:00:00";"2026-03-06 00:00:00"
"344";"U. E. 21 de Septiembre";"N/A";"232";"2026-03-06 00:00:00";"2026-03-06 00:00:00"
"345";"U. E. 8 de Mayo";"N/A";"232";"2026-03-06 00:00:00";"2026-03-06 00:00:00"
"346";"U. E. Adventista Cochabamba";"N/A";"232";"2026-03-06 00:00:00";"2026-03-06 00:00:00"
"347";"U. E. Alcides Arguedas A.";"N/A";"232";"2026-03-06 00:00:00";"2026-03-06 00:00:00"
"348";"U. E. Ave María";"N/A";"232";"2026-03-06 00:00:00";"2026-03-06 00:00:00"
"349";"U. E. Ayni Pacha";"N/A";"232";"2026-03-06 00:00:00";"2026-03-06 00:00:00"
"350";"U. E. Bolivia Holanda";"N/A";"232";"2026-03-06 00:00:00";"2026-03-06 00:00:00"
"351";"U. E. Bolivia Japón Tarde";"N/A";"232";"2026-03-06 00:00:00";"2026-03-06 00:00:00"
"352";"U. E. Canaán";"N/A";"232";"2026-03-06 00:00:00";"2026-03-06 00:00:00"
"353";"U. E. Cochabamba";"N/A";"232";"2026-03-06 00:00:00";"2026-03-06 00:00:00"
"354";"U. E. El Mirador";"N/A";"232";"2026-03-06 00:00:00";"2026-03-06 00:00:00"
"355";"U. E. El Molino";"N/A";"232";"2026-03-06 00:00:00";"2026-03-06 00:00:00"
"356";"U. E. España";"N/A";"232";"2026-03-06 00:00:00";"2026-03-06 00:00:00"
"357";"U. E. Francisco Javier Baldivieso Luna";"N/A";"232";"2026-03-06 00:00:00";"2026-03-06 00:00:00"
"358";"U. E. Guillermo Urquidi";"N/A";"232";"2026-03-06 00:00:00";"2026-03-06 00:00:00"
"359";"U. E. Isaac Attie";"N/A";"232";"2026-03-06 00:00:00";"2026-03-06 00:00:00"
"360";"U. E. John Dewey";"N/A";"232";"2026-03-06 00:00:00";"2026-03-06 00:00:00"
"361";"U. E. Jorge Vásquez";"N/A";"232";"2026-03-06 00:00:00";"2026-03-06 00:00:00"
"362";"U. E. Juan Lechin Oquendo";"N/A";"232";"2026-03-06 00:00:00";"2026-03-06 00:00:00"
"363";"U. E. Juancito Pinto B";"N/A";"232";"2026-03-06 00:00:00";"2026-03-06 00:00:00"
"364";"U. E. Lía Rivera de Guzmán";"N/A";"232";"2026-03-06 00:00:00";"2026-03-06 00:00:00"
"365";"U. E. Libertad";"N/A";"232";"2026-03-06 00:00:00";"2026-03-06 00:00:00"
"366";"U. E. Luz y Verdad";"N/A";"232";"2026-03-06 00:00:00";"2026-03-06 00:00:00"
"367";"U. E. Nilo Soruco Arancibia";"N/A";"232";"2026-03-06 00:00:00";"2026-03-06 00:00:00"
"368";"U. E. Nuestra Señora de la Merced A";"N/A";"232";"2026-03-06 00:00:00";"2026-03-06 00:00:00"
"369";"U. E. Oscar Alfaro";"N/A";"232";"2026-03-06 00:00:00";"2026-03-06 00:00:00"
"370";"U. E. Padre Luis Diez del Pozo";"N/A";"232";"2026-03-06 00:00:00";"2026-03-06 00:00:00"
"371";"U. E. Patria Nueva";"N/A";"232";"2026-03-06 00:00:00";"2026-03-06 00:00:00"
"372";"U. E. Peniel";"N/A";"232";"2026-03-06 00:00:00";"2026-03-06 00:00:00"
"373";"U. E. Pentecostal de Bolivia";"N/A";"232";"2026-03-06 00:00:00";"2026-03-06 00:00:00"
"374";"U. E. Raymundo Herman";"N/A";"232";"2026-03-06 00:00:00";"2026-03-06 00:00:00"
"375";"U. E. Rey de Reyes";"N/A";"232";"2026-03-06 00:00:00";"2026-03-06 00:00:00"
"376";"U. E. San Agustín";"N/A";"232";"2026-03-06 00:00:00";"2026-03-06 00:00:00"
"377";"U. E. San Andrés";"N/A";"232";"2026-03-06 00:00:00";"2026-03-06 00:00:00"
"378";"U. E. San Francisco Javier";"N/A";"232";"2026-03-06 00:00:00";"2026-03-06 00:00:00"
"379";"U. E. San José";"N/A";"232";"2026-03-06 00:00:00";"2026-03-06 00:00:00"
"380";"U. E. San Miguel Arcángel";"N/A";"232";"2026-03-06 00:00:00";"2026-03-06 00:00:00"
"381";"U. E. San Nicolas Club de Leones";"N/A";"232";"2026-03-06 00:00:00";"2026-03-06 00:00:00"
"382";"U. E. San Vicente de Paul";"N/A";"232";"2026-03-06 00:00:00";"2026-03-06 00:00:00"
"383";"U. E. Santa Mónica";"N/A";"232";"2026-03-06 00:00:00";"2026-03-06 00:00:00"
"384";"U. E. Saúl Mendoza";"N/A";"232";"2026-03-06 00:00:00";"2026-03-06 00:00:00"
"385";"U. E. Tiquirani";"N/A";"232";"2026-03-06 00:00:00";"2026-03-06 00:00:00"
"386";"U. E. Túpac Katari";"N/A";"232";"2026-03-06 00:00:00";"2026-03-06 00:00:00"
"387";"U. E. Vikinga Boliviana";"N/A";"232";"2026-03-06 00:00:00";"2026-03-06 00:00:00"
"388";"U.E. ADRA Juan XXIII";"N/A";"232";"2026-03-06 00:00:00";"2026-03-06 00:00:00"
"389";"U.E. Alejo Calatayud";"N/A";"232";"2026-03-06 00:00:00";"2026-03-06 00:00:00"
"390";"U.E. Alto Florida";"N/A";"232";"2026-03-06 00:00:00";"2026-03-06 00:00:00"
"391";"U.E. Ana María Romero de Campero";"N/A";"232";"2026-03-06 00:00:00";"2026-03-06 00:00:00"
"392";"U.E. Genoveva Ríos";"N/A";"232";"2026-03-06 00:00:00";"2026-03-06 00:00:00"
"393";"U.E. Humberto Portocarrero";"N/A";"232";"2026-03-06 00:00:00";"2026-03-06 00:00:00"
"394";"U.E. Israel";"N/A";"232";"2026-03-06 00:00:00";"2026-03-06 00:00:00"
"395";"U.E. La Frontera";"N/A";"232";"2026-03-06 00:00:00";"2026-03-06 00:00:00"
"396";"U.E. Madre De La Divina Providencia";"N/A";"232";"2026-03-06 00:00:00";"2026-03-06 00:00:00"
"397";"U.E. Mariano Ricardo Terrazas";"N/A";"232";"2026-03-06 00:00:00";"2026-03-06 00:00:00"
"398";"U.E. Marina Nuñez del Prado";"N/A";"232";"2026-03-06 00:00:00";"2026-03-06 00:00:00"
"399";"U.E. Mariscal Otto Felipe Braum";"N/A";"232";"2026-03-06 00:00:00";"2026-03-06 00:00:00"
"400";"U.E. Nacional San Isidro";"N/A";"232";"2026-03-06 00:00:00";"2026-03-06 00:00:00"
"401";"U.E. Octavio Campero Echazu";"N/A";"232";"2026-03-06 00:00:00";"2026-03-06 00:00:00"
"402";"U.E. Pedro Poveda";"N/A";"232";"2026-03-06 00:00:00";"2026-03-06 00:00:00"
"403";"U.E. Prof. Jaime Alfonso Escalante Gutierrez";"N/A";"232";"2026-03-06 00:00:00";"2026-03-06 00:00:00"
"404";"Unidad Educ. Eduardo Lopez O E. Don Bosco";"N/A";"232";"2026-03-06 00:00:00";"2026-03-06 00:00:00"
"405";"Unidad Educativa 14 de Septiembre";"N/A";"232";"2026-03-06 00:00:00";"2026-03-06 00:00:00"
"406";"Unidad Educativa 26 de Octubre";"N/A";"232";"2026-03-06 00:00:00";"2026-03-06 00:00:00"
"407";"Unidad Educativa 9 de Marzo";"N/A";"232";"2026-03-06 00:00:00";"2026-03-06 00:00:00"
"408";"Unidad Educativa Alto Cochabamba";"N/A";"232";"2026-03-06 00:00:00";"2026-03-06 00:00:00"
"409";"Unidad Educativa America Del Sur   Mejillones A";"N/A";"232";"2026-03-06 00:00:00";"2026-03-06 00:00:00"
"410";"Unidad Educativa Andres Bello";"N/A";"232";"2026-03-06 00:00:00";"2026-03-06 00:00:00"
"411";"Unidad Educativa Antonio Diez";"N/A";"232";"2026-03-06 00:00:00";"2026-03-06 00:00:00"
"412";"Unidad Educativa Atiy";"N/A";"232";"2026-03-06 00:00:00";"2026-03-06 00:00:00"
"413";"Unidad Educativa Barbara Lamas";"N/A";"232";"2026-03-06 00:00:00";"2026-03-06 00:00:00"
"414";"Unidad Educativa Bolivia (La Maica)";"N/A";"232";"2026-03-06 00:00:00";"2026-03-06 00:00:00"
"415";"Unidad Educativa Club De Leones";"N/A";"232";"2026-03-06 00:00:00";"2026-03-06 00:00:00"
"416";"Unidad Educativa Daniel Salamanca (Ex Colegio Nal. Mixto 6 De Agosto)";"N/A";"232";"2026-03-06 00:00:00";"2026-03-06 00:00:00"
"417";"Unidad Educativa de La Fuerza Aerea";"N/A";"232";"2026-03-06 00:00:00";"2026-03-06 00:00:00"
"418";"Unidad Educativa Demetrio Canelas";"N/A";"232";"2026-03-06 00:00:00";"2026-03-06 00:00:00"
"419";"Unidad Educativa Dionisio Morales Choque";"N/A";"232";"2026-03-06 00:00:00";"2026-03-06 00:00:00"
"420";"Unidad Educativa Domingo Savio (Ex Lorenzo Filho)";"N/A";"232";"2026-03-06 00:00:00";"2026-03-06 00:00:00"
"421";"Unidad Educativa El Salvador San Javier";"N/A";"232";"2026-03-06 00:00:00";"2026-03-06 00:00:00"
"422";"Unidad Educativa Estados Unidos";"N/A";"232";"2026-03-06 00:00:00";"2026-03-06 00:00:00"
"423";"Unidad Educativa Esteban Arze";"N/A";"232";"2026-03-06 00:00:00";"2026-03-06 00:00:00"
"424";"Unidad Educativa Facundo Quiroga";"N/A";"232";"2026-03-06 00:00:00";"2026-03-06 00:00:00"
"425";"Unidad Educativa Felix Capriles";"N/A";"232";"2026-03-06 00:00:00";"2026-03-06 00:00:00"
"426";"Unidad Educativa Garibaldi";"N/A";"232";"2026-03-06 00:00:00";"2026-03-06 00:00:00"
"427";"Unidad Educativa Hno Pacifico Feletti";"N/A";"232";"2026-03-06 00:00:00";"2026-03-06 00:00:00"
"428";"Unidad Educativa Jose Ignacio Sanjines";"N/A";"232";"2026-03-06 00:00:00";"2026-03-06 00:00:00"
"429";"Unidad Educativa Juan Jose Torrez";"N/A";"232";"2026-03-06 00:00:00";"2026-03-06 00:00:00"
"430";"Unidad Educativa Maria Emilia Riquelme (Ex Maria Cristina)";"N/A";"232";"2026-03-06 00:00:00";"2026-03-06 00:00:00"
"431";"Unidad Educativa Maria Josefa Mujia";"N/A";"232";"2026-03-06 00:00:00";"2026-03-06 00:00:00"
"432";"Unidad Educativa Nataniel Aguirre";"N/A";"232";"2026-03-06 00:00:00";"2026-03-06 00:00:00"
"433";"Unidad Educativa Nueva Esperanza";"N/A";"232";"2026-03-06 00:00:00";"2026-03-06 00:00:00"
"434";"Unidad Educativa Nueva Vera Cruz";"N/A";"232";"2026-03-06 00:00:00";"2026-03-06 00:00:00"
"435";"Unidad Educativa Obispo Anaya";"N/A";"232";"2026-03-06 00:00:00";"2026-03-06 00:00:00"
"436";"Unidad Educativa Prof. Oscar Rojas Caballero";"N/A";"232";"2026-03-06 00:00:00";"2026-03-06 00:00:00"
"437";"Unidad Educativa Rene Barrientos Ortuño";"N/A";"232";"2026-03-06 00:00:00";"2026-03-06 00:00:00"
"438";"Unidad Educativa Rene Crespo";"N/A";"232";"2026-03-06 00:00:00";"2026-03-06 00:00:00"
"439";"Unidad Educativa Rosendo Peña";"N/A";"232";"2026-03-06 00:00:00";"2026-03-06 00:00:00"
"440";"Unidad Educativa San Miguel";"N/A";"232";"2026-03-06 00:00:00";"2026-03-06 00:00:00"
"441";"Unidad Educativa San Miguel Alta Tension";"N/A";"232";"2026-03-06 00:00:00";"2026-03-06 00:00:00"
"442";"Unidad Educativa Santa Cruz   Eduardo Ocampo Moscoso";"N/A";"232";"2026-03-06 00:00:00";"2026-03-06 00:00:00"
"443";"Unidad Educativa Santa Maria Micaela";"N/A";"232";"2026-03-06 00:00:00";"2026-03-06 00:00:00"
"444";"Unidad Educativa Santiago (Cochabamba)";"N/A";"232";"2026-03-06 00:00:00";"2026-03-06 00:00:00"
"445";"Unidad Educativa Siglo XX   Gabriela Mistral";"N/A";"232";"2026-03-06 00:00:00";"2026-03-06 00:00:00"
"446";"Unidad Educativa Stefano Hotellier";"N/A";"232";"2026-03-06 00:00:00";"2026-03-06 00:00:00"
"447";"Unidad Educativa Verdad y Vida";"N/A";"232";"2026-03-06 00:00:00";"2026-03-06 00:00:00"
"448";"Unidad Educativa Vision Mundial";"N/A";"232";"2026-03-06 00:00:00";"2026-03-06 00:00:00"
"449";"Unidad Educativa Voces Libres";"N/A";"232";"2026-03-06 00:00:00";"2026-03-06 00:00:00"
"450";"Universidad Latinoamericana";"N/A";"232";"2026-03-06 00:00:00";"2026-03-06 00:00:00"
"451";"Universidad Ucatec (Ex Ceivo)";"N/A";"232";"2026-03-06 00:00:00";"2026-03-06 00:00:00"
"452";"U.E. José Carlos Carrillo";"N/A";"233";"2026-03-06 00:00:00";"2026-03-06 00:00:00"
"453";"U.E. Candelaria";"N/A";"234";"2026-03-06 00:00:00";"2026-03-06 00:00:00"
"454";"U.E. Carmela Albornoz";"N/A";"235";"2026-03-06 00:00:00";"2026-03-06 00:00:00"
"455";"U.E. Samuel Fina Savio";"N/A";"235";"2026-03-06 00:00:00";"2026-03-06 00:00:00"
"456";"U.E. Sócrates Villazón";"N/A";"235";"2026-03-06 00:00:00";"2026-03-06 00:00:00"
"457";"U.E. Corani Pampa";"N/A";"236";"2026-03-06 00:00:00";"2026-03-06 00:00:00"
"458";"U.E. San Miguel";"N/A";"237";"2026-03-06 00:00:00";"2026-03-06 00:00:00"
"459";"Unidad Educativa Paracti (Colomi)";"N/A";"238";"2026-03-06 00:00:00";"2026-03-06 00:00:00"
"460";"U.E. Pico Central";"N/A";"239";"2026-03-06 00:00:00";"2026-03-06 00:00:00"
"461";"U.E. Simón Rodriguez (Colomi)";"N/A";"240";"2026-03-06 00:00:00";"2026-03-06 00:00:00"
"462";"U.E. Rosario";"N/A";"241";"2026-03-06 00:00:00";"2026-03-06 00:00:00"
"463";"U.E. Tablas Monte";"N/A";"242";"2026-03-06 00:00:00";"2026-03-06 00:00:00"
"464";"Colegio Nataniel Aguirre";"N/A";"243";"2026-03-06 00:00:00";"2026-03-06 00:00:00"
"465";"Escuela Copacabana";"N/A";"244";"2026-03-06 00:00:00";"2026-03-06 00:00:00"
"466";"U. E. Challviri";"N/A";"245";"2026-03-06 00:00:00";"2026-03-06 00:00:00"
"467";"Colegio Franz Tamayo (Chiñata)";"N/A";"246";"2026-03-06 00:00:00";"2026-03-06 00:00:00"
"468";"U.E. Franz Famayo";"N/A";"246";"2026-03-06 00:00:00";"2026-03-06 00:00:00"
"469";"Escuela Jesus Terceros";"N/A";"247";"2026-03-06 00:00:00";"2026-03-06 00:00:00"
"470";"Escuela Guadalupe";"N/A";"248";"2026-03-06 00:00:00";"2026-03-06 00:00:00"
"471";"U.E. Mariscal Antonio Jose de Sucre";"N/A";"248";"2026-03-06 00:00:00";"2026-03-06 00:00:00"
"472";"Unidad Educativa Ceilab";"N/A";"248";"2026-03-06 00:00:00";"2026-03-06 00:00:00"
"473";"Unidad Educativa Hernán Rivero Fiorilo";"N/A";"248";"2026-03-06 00:00:00";"2026-03-06 00:00:00"
"474";"Escuela Carlos Peredo Sandoval";"N/A";"249";"2026-03-06 00:00:00";"2026-03-06 00:00:00"
"475";"U.E. Nuevo Amanecer";"N/A";"250";"2026-03-06 00:00:00";"2026-03-06 00:00:00"
"476";"Unidad Educativa Larati";"N/A";"251";"2026-03-06 00:00:00";"2026-03-06 00:00:00"
"477";"Escuela 6 de Junio   Tacopoca";"N/A";"252";"2026-03-06 00:00:00";"2026-03-06 00:00:00"
"478";"U. E. Plurinacional";"N/A";"252";"2026-03-06 00:00:00";"2026-03-06 00:00:00"
"479";"U.E. Hugo Chavez Frias";"N/A";"252";"2026-03-06 00:00:00";"2026-03-06 00:00:00"
"480";"Colegio Rene Fernandez Becerra";"N/A";"253";"2026-03-06 00:00:00";"2026-03-06 00:00:00"
"481";"Colegio Puerto Mejillones";"N/A";"254";"2026-03-06 00:00:00";"2026-03-06 00:00:00"
"482";"Colegio Señor De Mayo";"N/A";"254";"2026-03-06 00:00:00";"2026-03-06 00:00:00"
"483";"U.E. Marcelo Quiroga Santa Cruz (Pacata)";"N/A";"254";"2026-03-06 00:00:00";"2026-03-06 00:00:00"
"484";"Unidad Educativa Edmundo Bojanowski";"N/A";"254";"2026-03-06 00:00:00";"2026-03-06 00:00:00"
"485";"Unidad Educativa René Barrientos Ortuño";"N/A";"254";"2026-03-06 00:00:00";"2026-03-06 00:00:00"
"486";"Unidad Educativa Villa Graciela";"N/A";"254";"2026-03-06 00:00:00";"2026-03-06 00:00:00"
"487";"Unidad Educativa Pampilla";"N/A";"255";"2026-03-06 00:00:00";"2026-03-06 00:00:00"
"488";"Colegio Boliviano Japones";"N/A";"256";"2026-03-06 00:00:00";"2026-03-06 00:00:00"
"489";"(Cárcel) Penitenciaria El Abra";"N/A";"257";"2026-03-06 00:00:00";"2026-03-06 00:00:00"
"490";"Colegio Quintanilla";"N/A";"257";"2026-03-06 00:00:00";"2026-03-06 00:00:00"
"491";"U.E. José Vía García";"N/A";"257";"2026-03-06 00:00:00";"2026-03-06 00:00:00"
"492";"U.E. Puntiti Chico";"N/A";"257";"2026-03-06 00:00:00";"2026-03-06 00:00:00"
"493";"U.E. Villa Animas";"N/A";"257";"2026-03-06 00:00:00";"2026-03-06 00:00:00"
"494";"Unidad Educativa del Valle";"N/A";"257";"2026-03-06 00:00:00";"2026-03-06 00:00:00"
"495";"Unidad Educativa Israelí El Abra";"N/A";"257";"2026-03-06 00:00:00";"2026-03-06 00:00:00"
"496";"Unidad Educativa Kanata";"N/A";"257";"2026-03-06 00:00:00";"2026-03-06 00:00:00"
"497";"(Cárcel) Penitenciaria San Pedro (Sacaba)";"N/A";"258";"2026-03-06 00:00:00";"2026-03-06 00:00:00"
"498";"Escuela German Busch";"N/A";"258";"2026-03-06 00:00:00";"2026-03-06 00:00:00"
"499";"Escuela Man Cesped";"N/A";"258";"2026-03-06 00:00:00";"2026-03-06 00:00:00"
"500";"Escuela Natalio Arauco";"N/A";"258";"2026-03-06 00:00:00";"2026-03-06 00:00:00"
"501";"Instituto Tecnico Sacaba (ITSA)";"N/A";"258";"2026-03-06 00:00:00";"2026-03-06 00:00:00"
"502";"Liceo De Señoritas Sacaba";"N/A";"258";"2026-03-06 00:00:00";"2026-03-06 00:00:00"
"503";"U. E. 27 de Mayo";"N/A";"258";"2026-03-06 00:00:00";"2026-03-06 00:00:00"
"504";"U. E. Roberto Nicoli Parietti";"N/A";"258";"2026-03-06 00:00:00";"2026-03-06 00:00:00"
"505";"U.E. 1ro. de Mayo";"N/A";"258";"2026-03-06 00:00:00";"2026-03-06 00:00:00"
"506";"U.E. Antofagasta";"N/A";"258";"2026-03-06 00:00:00";"2026-03-06 00:00:00"
"507";"U.E. Chimboco";"N/A";"258";"2026-03-06 00:00:00";"2026-03-06 00:00:00"
"508";"U.E. El Moro";"N/A";"258";"2026-03-06 00:00:00";"2026-03-06 00:00:00"
"509";"U.E. José Nicolás Maldonado";"N/A";"258";"2026-03-06 00:00:00";"2026-03-06 00:00:00"
"510";"U.E. República del Ecuador";"N/A";"258";"2026-03-06 00:00:00";"2026-03-06 00:00:00"
"511";"U.E. Villa Clotilde";"N/A";"258";"2026-03-06 00:00:00";"2026-03-06 00:00:00"
"512";"Unidad Educativa 27 de Agosto";"N/A";"258";"2026-03-06 00:00:00";"2026-03-06 00:00:00"
"513";"Unidad Educativa Boliviano Británico";"N/A";"258";"2026-03-06 00:00:00";"2026-03-06 00:00:00"
"514";"Unidad Educativa Entre Rios";"N/A";"258";"2026-03-06 00:00:00";"2026-03-06 00:00:00"
"515";"Unidad Educativa Republica de Italia";"N/A";"258";"2026-03-06 00:00:00";"2026-03-06 00:00:00"
"516";"Unidad Educativa Ulincate";"N/A";"258";"2026-03-06 00:00:00";"2026-03-06 00:00:00"
"517";"U.E. 2 de Agosto";"N/A";"259";"2026-03-06 00:00:00";"2026-03-06 00:00:00"
"518";"U.E. Emiliano Villazón";"N/A";"260";"2026-03-06 00:00:00";"2026-03-06 00:00:00"
"519";"U.E. Tutimayu";"N/A";"261";"2026-03-06 00:00:00";"2026-03-06 00:00:00"
"520";"Escuela Rene Barrientos Ortuño (Ucuchi)";"N/A";"262";"2026-03-06 00:00:00";"2026-03-06 00:00:00"
"521";"U.E. Rodolfo Illanes";"N/A";"263";"2026-03-06 00:00:00";"2026-03-06 00:00:00"
"522";"U.E. Avispas";"N/A";"264";"2026-03-06 00:00:00";"2026-03-06 00:00:00"
"523";"Colegio Fe y Alegria";"N/A";"265";"2026-03-06 00:00:00";"2026-03-06 00:00:00"
"524";"Escuela Cristal Mayu";"N/A";"266";"2026-03-06 00:00:00";"2026-03-06 00:00:00"
"525";"U.E.T.H. Mariscal Sucre";"N/A";"267";"2026-03-06 00:00:00";"2026-03-06 00:00:00"
"526";"Unidad Educativa Mixta Eterazama";"N/A";"267";"2026-03-06 00:00:00";"2026-03-06 00:00:00"
"527";"U.E. Ibarecito";"N/A";"268";"2026-03-06 00:00:00";"2026-03-06 00:00:00"
"528";"U. E. Independencia (Villa Tunari)";"N/A";"269";"2026-03-06 00:00:00";"2026-03-06 00:00:00"
"529";"Escuela Elizardo Perez";"N/A";"270";"2026-03-06 00:00:00";"2026-03-06 00:00:00"
"530";"Unidad Educativa Jatun Pampa";"N/A";"271";"2026-03-06 00:00:00";"2026-03-06 00:00:00"
"531";"Escuela La Estrella";"N/A";"272";"2026-03-06 00:00:00";"2026-03-06 00:00:00"
"532";"Unidad Educativa Moleto Icoya (V.Tunari)";"N/A";"273";"2026-03-06 00:00:00";"2026-03-06 00:00:00"
"533";"Unidad Educativa Villa Nueva";"N/A";"274";"2026-03-06 00:00:00";"2026-03-06 00:00:00"
"534";"Nucleo Escolar Nueva Aroma";"N/A";"275";"2026-03-06 00:00:00";"2026-03-06 00:00:00"
"535";"Colegio Nueva Tacopaya";"N/A";"276";"2026-03-06 00:00:00";"2026-03-06 00:00:00"
"536";"U. E. Padresama";"N/A";"277";"2026-03-06 00:00:00";"2026-03-06 00:00:00"
"537";"Unidad Educativa Paracti (Villa Tunari)";"N/A";"278";"2026-03-06 00:00:00";"2026-03-06 00:00:00"
"538";"Unidad Educativa Paractito";"N/A";"279";"2026-03-06 00:00:00";"2026-03-06 00:00:00"
"539";"Unidad Educativa Paraiso Todo Santos";"N/A";"280";"2026-03-06 00:00:00";"2026-03-06 00:00:00"
"540";"Unidad Educativa 1ro de Mayo";"N/A";"281";"2026-03-06 00:00:00";"2026-03-06 00:00:00"
"541";"U.E. Simón Rodriguez (Villa Tunari)";"N/A";"282";"2026-03-06 00:00:00";"2026-03-06 00:00:00"
"542";"U.E. Puerto Patiño";"N/A";"283";"2026-03-06 00:00:00";"2026-03-06 00:00:00"
"543";"U.E. 27 de Mayo";"N/A";"284";"2026-03-06 00:00:00";"2026-03-06 00:00:00"
"544";"Escuela Samuzabeti";"N/A";"285";"2026-03-06 00:00:00";"2026-03-06 00:00:00"
"545";"U.E. San Benito";"N/A";"286";"2026-03-06 00:00:00";"2026-03-06 00:00:00"
"546";"Escuela 27 de Mayo";"N/A";"287";"2026-03-06 00:00:00";"2026-03-06 00:00:00"
"547";"Unidad Educativa San Francisco Km 21";"N/A";"287";"2026-03-06 00:00:00";"2026-03-06 00:00:00"
"548";"Escuela La Estrella (San Gabriel)";"N/A";"288";"2026-03-06 00:00:00";"2026-03-06 00:00:00"
"549";"Escuela San Jose (V. Tunari)";"N/A";"289";"2026-03-06 00:00:00";"2026-03-06 00:00:00"
"550";"Unidad Educativa San Jose de Angosta";"N/A";"290";"2026-03-06 00:00:00";"2026-03-06 00:00:00"
"551";"U. E. Santa Rosa de La Boca";"N/A";"291";"2026-03-06 00:00:00";"2026-03-06 00:00:00"
"552";"Unidad Educativa Tocopilla";"N/A";"292";"2026-03-06 00:00:00";"2026-03-06 00:00:00"
"553";"Unidad Educativa Uncia";"N/A";"293";"2026-03-06 00:00:00";"2026-03-06 00:00:00"
"554";"Escuela Villa 14 de Septiembre";"N/A";"294";"2026-03-06 00:00:00";"2026-03-06 00:00:00"
"555";"U. E. 14 de Septiembre";"N/A";"294";"2026-03-06 00:00:00";"2026-03-06 00:00:00"
"556";"Colegio Mixto Tecnico Hum. Villa Bolivar";"N/A";"295";"2026-03-06 00:00:00";"2026-03-06 00:00:00"
"557";"Colegio Francisco Vignaud";"N/A";"296";"2026-03-06 00:00:00";"2026-03-06 00:00:00"
"558";"Escuela San Antonio de Villa Tunari";"N/A";"296";"2026-03-06 00:00:00";"2026-03-06 00:00:00"
"559";"U.E. Limo";"N/A";"297";"2026-03-06 00:00:00";"2026-03-06 00:00:00"
"560";"Unidad Educativa Alfamayu";"N/A";"298";"2026-03-06 00:00:00";"2026-03-06 00:00:00"
"561";"U. E. San José de Calasanz";"N/A";"299";"2026-03-06 00:00:00";"2026-03-06 00:00:00"
"562";"U.E. La Viña";"N/A";"300";"2026-03-06 00:00:00";"2026-03-06 00:00:00"
"563";"U.E. Esteban Andia Escobar";"N/A";"301";"2026-03-06 00:00:00";"2026-03-06 00:00:00"
"564";"U.E. Phinquina";"N/A";"302";"2026-03-06 00:00:00";"2026-03-06 00:00:00"
"565";"U. E. Arturo Sarmiento de Quiriria";"N/A";"303";"2026-03-06 00:00:00";"2026-03-06 00:00:00"
"566";"U. E. Thaqu K'asa";"N/A";"304";"2026-03-06 00:00:00";"2026-03-06 00:00:00"
"567";"U. E. Casimiro López Terrazas";"N/A";"305";"2026-03-06 00:00:00";"2026-03-06 00:00:00"
"568";"Unidad Educativa Antonio Arnez  Aranjuez";"N/A";"306";"2026-03-06 00:00:00";"2026-03-06 00:00:00"
"569";"Centro Educativo German Busch   Arbieto";"N/A";"307";"2026-03-06 00:00:00";"2026-03-06 00:00:00"
"570";"Escuela Seccional Arpita";"N/A";"308";"2026-03-06 00:00:00";"2026-03-06 00:00:00"
"571";"Unidad Educativa Carlos Canelas";"N/A";"309";"2026-03-06 00:00:00";"2026-03-06 00:00:00"
"572";"Unidad Educativa 6 de Junio   Mamanaca";"N/A";"310";"2026-03-06 00:00:00";"2026-03-06 00:00:00"
"573";"U.E. Betty Barrientos";"N/A";"311";"2026-03-06 00:00:00";"2026-03-06 00:00:00"
"574";"Unidad Educativa Apillapa";"N/A";"312";"2026-03-06 00:00:00";"2026-03-06 00:00:00"
"575";"Escuela Seccional Challaque";"N/A";"313";"2026-03-06 00:00:00";"2026-03-06 00:00:00"
"576";"Nucleo Matarani";"N/A";"314";"2026-03-06 00:00:00";"2026-03-06 00:00:00"
"577";"Nucleo Escolar Quekoma";"N/A";"315";"2026-03-06 00:00:00";"2026-03-06 00:00:00"
"578";"Escuela Eliseo Torrico   Sacabamba";"N/A";"316";"2026-03-06 00:00:00";"2026-03-06 00:00:00"
"579";"Unidad Educativa Huasa Rancho";"N/A";"317";"2026-03-06 00:00:00";"2026-03-06 00:00:00"
"580";"Unidad Educativa Huayculi";"N/A";"318";"2026-03-06 00:00:00";"2026-03-06 00:00:00"
"581";"Unidad Educativa Huerta Mayu";"N/A";"319";"2026-03-06 00:00:00";"2026-03-06 00:00:00"
"582";"Escuela Luis Terrazas";"N/A";"320";"2026-03-06 00:00:00";"2026-03-06 00:00:00"
"583";"Colegio My. Victor Ustariz";"N/A";"321";"2026-03-06 00:00:00";"2026-03-06 00:00:00"
"584";"Escuela Esteban Arze";"N/A";"321";"2026-03-06 00:00:00";"2026-03-06 00:00:00"
"585";"Escuela Rene Barrientos O.";"N/A";"321";"2026-03-06 00:00:00";"2026-03-06 00:00:00"
"586";"Unidad Educativa Chullpas";"N/A";"322";"2026-03-06 00:00:00";"2026-03-06 00:00:00"
"587";"Colegio Juan de Dios Balderrama";"N/A";"323";"2026-03-06 00:00:00";"2026-03-06 00:00:00"
"588";"Escuela Sucre";"N/A";"323";"2026-03-06 00:00:00";"2026-03-06 00:00:00"
"589";"U.E. El Porvenir";"N/A";"323";"2026-03-06 00:00:00";"2026-03-06 00:00:00"
"590";"U.E. Perez Rancho";"N/A";"323";"2026-03-06 00:00:00";"2026-03-06 00:00:00"
"591";"Unidad Educativa Huasacalle";"N/A";"324";"2026-03-06 00:00:00";"2026-03-06 00:00:00"
"592";"Escuela San Isidro";"N/A";"325";"2026-03-06 00:00:00";"2026-03-06 00:00:00"
"593";"Unidad Educativa Santa Lucia";"N/A";"326";"2026-03-06 00:00:00";"2026-03-06 00:00:00"
"594";"Colegio Nacional Mixto Ucureña";"N/A";"327";"2026-03-06 00:00:00";"2026-03-06 00:00:00"
"595";"U. E. Villa El Carmen";"N/A";"328";"2026-03-06 00:00:00";"2026-03-06 00:00:00"
"596";"U.E. Ana Rancho";"N/A";"329";"2026-03-06 00:00:00";"2026-03-06 00:00:00"
"597";"U.E. Chullpa Loma";"N/A";"330";"2026-03-06 00:00:00";"2026-03-06 00:00:00"
"598";"Unidad Educativa Siches";"N/A";"331";"2026-03-06 00:00:00";"2026-03-06 00:00:00"
"599";"Colegio Ambrosini";"N/A";"332";"2026-03-06 00:00:00";"2026-03-06 00:00:00"
"600";"Escuela Santa Maria (Carcaje)";"N/A";"333";"2026-03-06 00:00:00";"2026-03-06 00:00:00"
"601";"U. E. Complejo Carcaje";"N/A";"334";"2026-03-06 00:00:00";"2026-03-06 00:00:00"
"602";"Colegio Victor Rosales";"N/A";"335";"2026-03-06 00:00:00";"2026-03-06 00:00:00"
"603";"U. E. Abraham Flores Velasquez";"N/A";"336";"2026-03-06 00:00:00";"2026-03-06 00:00:00"
"604";"Escuela Dr. Demetrio Canelas";"N/A";"337";"2026-03-06 00:00:00";"2026-03-06 00:00:00"
"605";"Unidad Educativa Quturi";"N/A";"338";"2026-03-06 00:00:00";"2026-03-06 00:00:00"
"606";"Unidad Educativa Yana Khakha";"N/A";"339";"2026-03-06 00:00:00";"2026-03-06 00:00:00"
"607";"Escuela Aguada";"N/A";"340";"2026-03-06 00:00:00";"2026-03-06 00:00:00"
"608";"Unidad Educativa Cauta";"N/A";"341";"2026-03-06 00:00:00";"2026-03-06 00:00:00"
"609";"Sede Sindical De Chahuarani Chico";"N/A";"342";"2026-03-06 00:00:00";"2026-03-06 00:00:00"
"610";"U.E. 10 de Septiembre";"N/A";"343";"2026-03-06 00:00:00";"2026-03-06 00:00:00"
"611";"Escuela Mixta Dr. Martin Cardenas";"N/A";"344";"2026-03-06 00:00:00";"2026-03-06 00:00:00"
"612";"Colegio Pedro Ignacio Rivero";"N/A";"345";"2026-03-06 00:00:00";"2026-03-06 00:00:00"
"613";"U.E. 14 de Septiembre";"N/A";"345";"2026-03-06 00:00:00";"2026-03-06 00:00:00"
"614";"Nucleo José Claure (U. E. San Vicente)";"N/A";"346";"2026-03-06 00:00:00";"2026-03-06 00:00:00"
"615";"Unidad Educativa Thago Thago";"N/A";"347";"2026-03-06 00:00:00";"2026-03-06 00:00:00"
"616";"Unidad Educativa Tin Tin";"N/A";"348";"2026-03-06 00:00:00";"2026-03-06 00:00:00"
"617";"Sede Social De Tipa Tipa";"N/A";"349";"2026-03-06 00:00:00";"2026-03-06 00:00:00"
"618";"Escuela Guillermo Viscarra";"N/A";"350";"2026-03-06 00:00:00";"2026-03-06 00:00:00"
"619";"Unidad Educativa Uchhama Alta";"N/A";"351";"2026-03-06 00:00:00";"2026-03-06 00:00:00"
"620";"Nucleo Escolar Laguna Grande";"N/A";"352";"2026-03-06 00:00:00";"2026-03-06 00:00:00"
"621";"Unidad Educativa Molinero";"N/A";"353";"2026-03-06 00:00:00";"2026-03-06 00:00:00"
"622";"Nucleo Escolar Beta Raqay Pampa";"N/A";"354";"2026-03-06 00:00:00";"2026-03-06 00:00:00"
"623";"Nucleo Centro Salvia";"N/A";"355";"2026-03-06 00:00:00";"2026-03-06 00:00:00"
"624";"Unidad Educativa Santiago";"N/A";"356";"2026-03-06 00:00:00";"2026-03-06 00:00:00"
"625";"Unidad Educativa Pocotaica";"N/A";"357";"2026-03-06 00:00:00";"2026-03-06 00:00:00"
"626";"Nucleo Escolar Siquimira";"N/A";"358";"2026-03-06 00:00:00";"2026-03-06 00:00:00"
"627";"Nucleo Escolar Sivingani";"N/A";"359";"2026-03-06 00:00:00";"2026-03-06 00:00:00"
"628";"Escuela Humberto Nogales";"N/A";"360";"2026-03-06 00:00:00";"2026-03-06 00:00:00"
"629";"U. E. Rene Barrientos O.   La Villa";"N/A";"361";"2026-03-06 00:00:00";"2026-03-06 00:00:00"
"630";"Unidad Educativa Molle Huma";"N/A";"361";"2026-03-06 00:00:00";"2026-03-06 00:00:00"
"631";"Escuela Adela Zamudio";"N/A";"362";"2026-03-06 00:00:00";"2026-03-06 00:00:00"
"632";"Escuela Andres Maria Torrico";"N/A";"362";"2026-03-06 00:00:00";"2026-03-06 00:00:00"
"633";"Liceo Josefa M. Gandarillas (Ex Sucre)";"N/A";"362";"2026-03-06 00:00:00";"2026-03-06 00:00:00"
"634";"Sede Sindical Thaco";"N/A";"362";"2026-03-06 00:00:00";"2026-03-06 00:00:00"
"635";"U. E. 18 de Mayo";"N/A";"362";"2026-03-06 00:00:00";"2026-03-06 00:00:00"
"636";"U. E. Libertador Simón Bolívar";"N/A";"362";"2026-03-06 00:00:00";"2026-03-06 00:00:00"
"637";"U. E. Manuel A. Villarroel (Ex Bolivar)";"N/A";"362";"2026-03-06 00:00:00";"2026-03-06 00:00:00"
"638";"U. E. Ruben Ferrufino (Camacho Rancho)";"N/A";"362";"2026-03-06 00:00:00";"2026-03-06 00:00:00"
"639";"Unidad Educativa Mayor Rocha (Yacanahuyo";"N/A";"362";"2026-03-06 00:00:00";"2026-03-06 00:00:00"
"640";"Unidad Educativa Tajamar";"N/A";"362";"2026-03-06 00:00:00";"2026-03-06 00:00:00"
"641";"Unidad Educativa Tambillo Chico";"N/A";"362";"2026-03-06 00:00:00";"2026-03-06 00:00:00"
"642";"Colegio Simon Bolivar (Huaricaya)";"N/A";"363";"2026-03-06 00:00:00";"2026-03-06 00:00:00"
"643";"Escuela Experimental Paracaya";"N/A";"364";"2026-03-06 00:00:00";"2026-03-06 00:00:00"
"644";"Unidad Educativa Wañakahua";"N/A";"364";"2026-03-06 00:00:00";"2026-03-06 00:00:00"
"645";"Unidad Educativa Sunchu Pampa";"N/A";"365";"2026-03-06 00:00:00";"2026-03-06 00:00:00"
"646";"U.E. Tolata Chico";"N/A";"366";"2026-03-06 00:00:00";"2026-03-06 00:00:00"
"647";"U. E. 27 de Mayo (Ex Jose B. Pereira)";"N/A";"367";"2026-03-06 00:00:00";"2026-03-06 00:00:00"
"648";"U. E. José Braulio Pereira";"N/A";"367";"2026-03-06 00:00:00";"2026-03-06 00:00:00"
"649";"Unidad Educativa Tacachi";"N/A";"368";"2026-03-06 00:00:00";"2026-03-06 00:00:00"
"650";"Escuela Cuchu Muela";"N/A";"369";"2026-03-06 00:00:00";"2026-03-06 00:00:00"
"651";"Nucleo Escolar Yana Rumi";"N/A";"370";"2026-03-06 00:00:00";"2026-03-06 00:00:00"
"652";"Col. Tec. Ind. Comunitario Marcelo Quiroga";"N/A";"371";"2026-03-06 00:00:00";"2026-03-06 00:00:00"
"653";"Unidad Educativa Martín Cárdenas Hermoso";"N/A";"371";"2026-03-06 00:00:00";"2026-03-06 00:00:00"
"654";"Escuela Gualberto Villarroel (V. Rivero)";"N/A";"372";"2026-03-06 00:00:00";"2026-03-06 00:00:00"
"655";"Sede Social Callaj Chullpa (Colcapirhua)";"N/A";"373";"2026-03-06 00:00:00";"2026-03-06 00:00:00"
"656";"U.E. 27 de Mayo (Colcapirhua)";"N/A";"374";"2026-03-06 00:00:00";"2026-03-06 00:00:00"
"657";"Unidad Educativa Daniel Salamanca";"N/A";"374";"2026-03-06 00:00:00";"2026-03-06 00:00:00"
"658";"Unidad Educativa San Lorenzo";"N/A";"374";"2026-03-06 00:00:00";"2026-03-06 00:00:00"
"659";"U.E. San Crispin";"N/A";"375";"2026-03-06 00:00:00";"2026-03-06 00:00:00"
"660";"Escuela Jesus Lara";"N/A";"376";"2026-03-06 00:00:00";"2026-03-06 00:00:00"
"661";"U. E. Prof. Benedicto Durán Ortíz";"N/A";"376";"2026-03-06 00:00:00";"2026-03-06 00:00:00"
"662";"Sede Social de La O.T.B. Martin Cardenas (Ex Complejo El Carmen)";"N/A";"377";"2026-03-06 00:00:00";"2026-03-06 00:00:00"
"663";"U. E. Nuestra Señora de La Paz";"N/A";"378";"2026-03-06 00:00:00";"2026-03-06 00:00:00"
"664";"Unidad Educativa San José de Kami";"N/A";"378";"2026-03-06 00:00:00";"2026-03-06 00:00:00"
"665";"Colegio Padre Andrés Cuschieri";"N/A";"379";"2026-03-06 00:00:00";"2026-03-06 00:00:00"
"666";"U.E. San Miguel (Colcapirhua)";"N/A";"379";"2026-03-06 00:00:00";"2026-03-06 00:00:00"
"667";"Unidad Educativa El Sausalito";"N/A";"379";"2026-03-06 00:00:00";"2026-03-06 00:00:00"
"668";"Unidad Educativa La Sagrada Familia";"N/A";"379";"2026-03-06 00:00:00";"2026-03-06 00:00:00"
"669";"Colegio Max Fernandez";"N/A";"380";"2026-03-06 00:00:00";"2026-03-06 00:00:00"
"670";"Unidad Educativa Simon Bolivar (Sumunpaya)";"N/A";"380";"2026-03-06 00:00:00";"2026-03-06 00:00:00"
"671";"Unidad Educativa Bella Vista";"N/A";"381";"2026-03-06 00:00:00";"2026-03-06 00:00:00"
"672";"Colegio Nacional Calama (Nueva Infraestructura)";"N/A";"382";"2026-03-06 00:00:00";"2026-03-06 00:00:00"
"673";"U. E. Mcal. José Ballivian";"N/A";"382";"2026-03-06 00:00:00";"2026-03-06 00:00:00"
"674";"U. E. Milivoy Eterovic Matenda";"N/A";"382";"2026-03-06 00:00:00";"2026-03-06 00:00:00"
"675";"U.E. Cotapachi";"N/A";"382";"2026-03-06 00:00:00";"2026-03-06 00:00:00"
"676";"Instituto Tecnologico El Paso";"N/A";"383";"2026-03-06 00:00:00";"2026-03-06 00:00:00"
"677";"U. E. El Paso  A";"N/A";"383";"2026-03-06 00:00:00";"2026-03-06 00:00:00"
"678";"U.E. Molle Molle";"N/A";"383";"2026-03-06 00:00:00";"2026-03-06 00:00:00"
"679";"U.E. Santiago Apóstol";"N/A";"383";"2026-03-06 00:00:00";"2026-03-06 00:00:00"
"680";"Unidad Educativa El Paso";"N/A";"383";"2026-03-06 00:00:00";"2026-03-06 00:00:00"
"681";"Unidad Educativa Maria Auxiliadora";"N/A";"383";"2026-03-06 00:00:00";"2026-03-06 00:00:00"
"682";"U. E. Jose Miguel Lanza (Illataco)";"N/A";"384";"2026-03-06 00:00:00";"2026-03-06 00:00:00"
"683";"Unidad Educativa Liriuni";"N/A";"385";"2026-03-06 00:00:00";"2026-03-06 00:00:00"
"684";"Centro Internado Misicuni";"N/A";"386";"2026-03-06 00:00:00";"2026-03-06 00:00:00"
"685";"U. E. Rene Barrienos Ortuño (Misicuni)";"N/A";"386";"2026-03-06 00:00:00";"2026-03-06 00:00:00"
"686";"Normal Simón Rodríguez (Ex Nucleo Escolar Paucarpata)";"N/A";"387";"2026-03-06 00:00:00";"2026-03-06 00:00:00"
"687";"Centro Integral Niño Jesus Fe y Alegria";"N/A";"388";"2026-03-06 00:00:00";"2026-03-06 00:00:00"
"688";"Escuela Felix Martinez";"N/A";"388";"2026-03-06 00:00:00";"2026-03-06 00:00:00"
"689";"U.E. Oscar Alfaro";"N/A";"388";"2026-03-06 00:00:00";"2026-03-06 00:00:00"
"690";"U.E. Pocpocollo";"N/A";"388";"2026-03-06 00:00:00";"2026-03-06 00:00:00"
"691";"U. E. Potrero";"N/A";"389";"2026-03-06 00:00:00";"2026-03-06 00:00:00"
"692";"(Cárcel) Penal San Pablo";"N/A";"390";"2026-03-06 00:00:00";"2026-03-06 00:00:00"
"693";"Colegio Cristina Prada";"N/A";"390";"2026-03-06 00:00:00";"2026-03-06 00:00:00"
"694";"Colegio Franz Tamayo";"N/A";"390";"2026-03-06 00:00:00";"2026-03-06 00:00:00"
"695";"Escuela 12 de Septiembre";"N/A";"390";"2026-03-06 00:00:00";"2026-03-06 00:00:00"
"696";"Escuela Arturo Quitón";"N/A";"390";"2026-03-06 00:00:00";"2026-03-06 00:00:00"
"697";"Escuela Fidelia C. De Sanchez";"N/A";"390";"2026-03-06 00:00:00";"2026-03-06 00:00:00"
"698";"Escuela Simón Bolivar";"N/A";"390";"2026-03-06 00:00:00";"2026-03-06 00:00:00"
"699";"Escuela Tomas Bata";"N/A";"390";"2026-03-06 00:00:00";"2026-03-06 00:00:00"
"700";"Instituto Particular Quillacollo";"N/A";"390";"2026-03-06 00:00:00";"2026-03-06 00:00:00"
"701";"Liceo América";"N/A";"390";"2026-03-06 00:00:00";"2026-03-06 00:00:00"
"702";"Teofilo Vargas Candia B";"N/A";"390";"2026-03-06 00:00:00";"2026-03-06 00:00:00"
"703";"U. E. Nuestra Señora de Urkupiña";"N/A";"390";"2026-03-06 00:00:00";"2026-03-06 00:00:00"
"704";"U. E. San Martín de Porres";"N/A";"390";"2026-03-06 00:00:00";"2026-03-06 00:00:00"
"705";"U. E. Tunari";"N/A";"390";"2026-03-06 00:00:00";"2026-03-06 00:00:00"
"706";"U.E. 12 de Enero B";"N/A";"390";"2026-03-06 00:00:00";"2026-03-06 00:00:00"
"707";"U.E. 1ro. de Mayo";"N/A";"390";"2026-03-06 00:00:00";"2026-03-06 00:00:00"
"708";"U.E. 21 de Septiembre";"N/A";"390";"2026-03-06 00:00:00";"2026-03-06 00:00:00"
"709";"U.E. 23 de Marzo";"N/A";"390";"2026-03-06 00:00:00";"2026-03-06 00:00:00"
"710";"U.E. Cerro Cota";"N/A";"390";"2026-03-06 00:00:00";"2026-03-06 00:00:00"
"711";"U.E. Rene Crespo Rico";"N/A";"390";"2026-03-06 00:00:00";"2026-03-06 00:00:00"
"712";"U.E. San Martín de Porres Tarde";"N/A";"390";"2026-03-06 00:00:00";"2026-03-06 00:00:00"
"713";"U.E. Villa Asunción";"N/A";"390";"2026-03-06 00:00:00";"2026-03-06 00:00:00"
"714";"Unidad Educativa Flora Salinas Hinojosa   Amalia Echalar";"N/A";"390";"2026-03-06 00:00:00";"2026-03-06 00:00:00"
"715";"Unidad Educativa Heroinas";"N/A";"390";"2026-03-06 00:00:00";"2026-03-06 00:00:00"
"716";"Unidad Educativa Ironcollo";"N/A";"390";"2026-03-06 00:00:00";"2026-03-06 00:00:00"
"717";"Unidad Educativa Marquina";"N/A";"390";"2026-03-06 00:00:00";"2026-03-06 00:00:00"
"718";"Unidad Educativa Marquina (Secundaria)";"N/A";"390";"2026-03-06 00:00:00";"2026-03-06 00:00:00"
"719";"Unidad Educativa Martin Cardenas";"N/A";"390";"2026-03-06 00:00:00";"2026-03-06 00:00:00"
"720";"Unidad Educativa Nestor Adriazola (Ex Colegio Nacional Calama)";"N/A";"390";"2026-03-06 00:00:00";"2026-03-06 00:00:00"
"721";"Unidad Educativa Villa De Urkupiña";"N/A";"390";"2026-03-06 00:00:00";"2026-03-06 00:00:00"
"722";"Unidad Educativa Villa Moderna";"N/A";"390";"2026-03-06 00:00:00";"2026-03-06 00:00:00"
"723";"Unidad Educativa Caramarca Collpa";"N/A";"391";"2026-03-06 00:00:00";"2026-03-06 00:00:00"
"724";"Unidad Educativa  Caviloma";"N/A";"392";"2026-03-06 00:00:00";"2026-03-06 00:00:00"
"725";"Esc. Rene Barrientos Ortuño (Itapaya)";"N/A";"393";"2026-03-06 00:00:00";"2026-03-06 00:00:00"
"726";"Unidad Educativa 3 de Abril";"N/A";"394";"2026-03-06 00:00:00";"2026-03-06 00:00:00"
"727";"Escuela Bolviana Americana";"N/A";"395";"2026-03-06 00:00:00";"2026-03-06 00:00:00"
"728";"U. E. Cohachaca Chico";"N/A";"395";"2026-03-06 00:00:00";"2026-03-06 00:00:00"
"729";"Unidad Educativa Eduardo Abaroa";"N/A";"396";"2026-03-06 00:00:00";"2026-03-06 00:00:00"
"730";"U. E. German Busch";"N/A";"397";"2026-03-06 00:00:00";"2026-03-06 00:00:00"
"731";"U. E. Isidoro Carrasco Olguín";"N/A";"397";"2026-03-06 00:00:00";"2026-03-06 00:00:00"
"732";"Unidad Educativa Sauce Rancho";"N/A";"397";"2026-03-06 00:00:00";"2026-03-06 00:00:00"
"733";"Escuela Sucre (Sipe Sipe)";"N/A";"398";"2026-03-06 00:00:00";"2026-03-06 00:00:00"
"734";"U.E. Daniel Albornoz I";"N/A";"398";"2026-03-06 00:00:00";"2026-03-06 00:00:00"
"735";"Unidad Educativa Andres Uzeda Ocampo";"N/A";"398";"2026-03-06 00:00:00";"2026-03-06 00:00:00"
"736";"Unidad Educativa Toribio Claure";"N/A";"399";"2026-03-06 00:00:00";"2026-03-06 00:00:00"
"737";"Unidad Educativa Suticollo";"N/A";"400";"2026-03-06 00:00:00";"2026-03-06 00:00:00"
"738";"Unidad Educativa Uchu Uchu";"N/A";"401";"2026-03-06 00:00:00";"2026-03-06 00:00:00"
"739";"Unidad Educativa Viloma";"N/A";"402";"2026-03-06 00:00:00";"2026-03-06 00:00:00"
"740";"U. E. Viloma Cala Cala";"N/A";"403";"2026-03-06 00:00:00";"2026-03-06 00:00:00"
"741";"U.E. Cuatro Esquinas";"N/A";"404";"2026-03-06 00:00:00";"2026-03-06 00:00:00"
"742";"Unidad Educativa Nuestra Sra. De Altagracia";"N/A";"405";"2026-03-06 00:00:00";"2026-03-06 00:00:00"
"743";"Nucleo Educativo Chapisirca";"N/A";"406";"2026-03-06 00:00:00";"2026-03-06 00:00:00"
"744";"U. E. Constantino I";"N/A";"407";"2026-03-06 00:00:00";"2026-03-06 00:00:00"
"745";"U.E. Técnico Humanístico San Rafael";"N/A";"407";"2026-03-06 00:00:00";"2026-03-06 00:00:00"
"746";"Unidad Educativa Libertad";"N/A";"407";"2026-03-06 00:00:00";"2026-03-06 00:00:00"
"747";"U.E. Santa María Magdalena Postel";"N/A";"408";"2026-03-06 00:00:00";"2026-03-06 00:00:00"
"748";"Aldeas S.O.S";"N/A";"409";"2026-03-06 00:00:00";"2026-03-06 00:00:00"
"749";"Escuela Isaac Attie";"N/A";"409";"2026-03-06 00:00:00";"2026-03-06 00:00:00"
"750";"U. E. Titos Linde";"N/A";"409";"2026-03-06 00:00:00";"2026-03-06 00:00:00"
"751";"Escuela Eugenia Ravasco";"N/A";"410";"2026-03-06 00:00:00";"2026-03-06 00:00:00"
"752";"U.E. Rumy Corral";"N/A";"411";"2026-03-06 00:00:00";"2026-03-06 00:00:00"
"753";"Colegio San Miguel (Tiquipaya)";"N/A";"412";"2026-03-06 00:00:00";"2026-03-06 00:00:00"
"754";"Colegio Simon Bolivar (Tiquipaya)";"N/A";"412";"2026-03-06 00:00:00";"2026-03-06 00:00:00"
"755";"U.E. Encanto Pampa";"N/A";"412";"2026-03-06 00:00:00";"2026-03-06 00:00:00"
"756";"U.E. La Floresta (Tiquipaya)";"N/A";"412";"2026-03-06 00:00:00";"2026-03-06 00:00:00"
"757";"U.E. Monseñor Salomón Romero";"N/A";"412";"2026-03-06 00:00:00";"2026-03-06 00:00:00"
"758";"Escuela Toribio Claure";"N/A";"413";"2026-03-06 00:00:00";"2026-03-06 00:00:00"
"759";"U.E. Técnico Humanístico San Gabriel";"N/A";"413";"2026-03-06 00:00:00";"2026-03-06 00:00:00"
"760";"Unidad Educativa Jesus Maestro";"N/A";"413";"2026-03-06 00:00:00";"2026-03-06 00:00:00"
"761";"Escuela Seccional Waripucara";"N/A";"414";"2026-03-06 00:00:00";"2026-03-06 00:00:00"
"762";"Unidad Educativa Montecillo";"N/A";"414";"2026-03-06 00:00:00";"2026-03-06 00:00:00"
"763";"U. E. Combuyo";"N/A";"415";"2026-03-06 00:00:00";"2026-03-06 00:00:00"
"764";"U.E. Álvaro García Linera";"N/A";"415";"2026-03-06 00:00:00";"2026-03-06 00:00:00"
"765";"U.E. Simón I. Patiño";"N/A";"415";"2026-03-06 00:00:00";"2026-03-06 00:00:00"
"766";"Unidad Educativa Anocaraire";"N/A";"415";"2026-03-06 00:00:00";"2026-03-06 00:00:00"
"767";"Unidad Educativa Keraya";"N/A";"416";"2026-03-06 00:00:00";"2026-03-06 00:00:00"
"768";"Escuela Ismael Montes";"N/A";"417";"2026-03-06 00:00:00";"2026-03-06 00:00:00"
"769";"U.E. La Llave";"N/A";"418";"2026-03-06 00:00:00";"2026-03-06 00:00:00"
"770";"Unidad Educativa Reino Unido";"N/A";"419";"2026-03-06 00:00:00";"2026-03-06 00:00:00"
"771";"Nucleo Escolar Simon Bolivar (Thiomoko)";"N/A";"420";"2026-03-06 00:00:00";"2026-03-06 00:00:00"
"772";"U.E. Vilomilla";"N/A";"421";"2026-03-06 00:00:00";"2026-03-06 00:00:00"
"773";"Escuela Martín Cardenas";"N/A";"422";"2026-03-06 00:00:00";"2026-03-06 00:00:00"
"774";"Escuela Melchor Cuadros";"N/A";"422";"2026-03-06 00:00:00";"2026-03-06 00:00:00"
"775";"U. E. Carmen Rosa Salguero";"N/A";"422";"2026-03-06 00:00:00";"2026-03-06 00:00:00"
"776";"U. E. María Ayma";"N/A";"422";"2026-03-06 00:00:00";"2026-03-06 00:00:00"
"777";"U. E. Nuestra Señora del Rosario";"N/A";"422";"2026-03-06 00:00:00";"2026-03-06 00:00:00"
"778";"U.E. 5 de Septiembre";"N/A";"422";"2026-03-06 00:00:00";"2026-03-06 00:00:00"
"779";"U.E. Avelino Mérida Zubieta";"N/A";"422";"2026-03-06 00:00:00";"2026-03-06 00:00:00"
"780";"U.E. Bartolina Sisa";"N/A";"422";"2026-03-06 00:00:00";"2026-03-06 00:00:00"
"781";"U.E. Soledad Rivas";"N/A";"422";"2026-03-06 00:00:00";"2026-03-06 00:00:00"
"782";"Unidad Educativa David Arzabe";"N/A";"422";"2026-03-06 00:00:00";"2026-03-06 00:00:00"
"783";"Unidad Educativa Sagrada Familia";"N/A";"422";"2026-03-06 00:00:00";"2026-03-06 00:00:00"
"784";"U.E. Apharumiri";"N/A";"423";"2026-03-06 00:00:00";"2026-03-06 00:00:00"
"785";"U.E. Arasaya";"N/A";"424";"2026-03-06 00:00:00";"2026-03-06 00:00:00"
"786";"U.E. Lacuyo";"N/A";"425";"2026-03-06 00:00:00";"2026-03-06 00:00:00"
"787";"Escuela  Challa Grande";"N/A";"426";"2026-03-06 00:00:00";"2026-03-06 00:00:00"
"788";"U.E. Chillca Grande";"N/A";"427";"2026-03-06 00:00:00";"2026-03-06 00:00:00"
"789";"Unidad Educativa Chullpa K'Asa";"N/A";"428";"2026-03-06 00:00:00";"2026-03-06 00:00:00"
"790";"Escuela Chuñu Chuñini";"N/A";"429";"2026-03-06 00:00:00";"2026-03-06 00:00:00"
"791";"Nucleo Escolar Confital";"N/A";"430";"2026-03-06 00:00:00";"2026-03-06 00:00:00"
"792";"U.E. Coracaba";"N/A";"431";"2026-03-06 00:00:00";"2026-03-06 00:00:00"
"793";"Unidad Educativa Japo K'Asa";"N/A";"432";"2026-03-06 00:00:00";"2026-03-06 00:00:00"
"794";"U.E. Zenobio Gallardo";"N/A";"433";"2026-03-06 00:00:00";"2026-03-06 00:00:00"
"795";"Sede Comunal Kalliri";"N/A";"434";"2026-03-06 00:00:00";"2026-03-06 00:00:00"
"796";"Unidad Educativa Katariri";"N/A";"435";"2026-03-06 00:00:00";"2026-03-06 00:00:00"
"797";"Unidad Educativa Kjarkas";"N/A";"436";"2026-03-06 00:00:00";"2026-03-06 00:00:00"
"798";"Unidad Educativa Ramadas";"N/A";"437";"2026-03-06 00:00:00";"2026-03-06 00:00:00"
"799";"U.E. Lacolaconi";"N/A";"438";"2026-03-06 00:00:00";"2026-03-06 00:00:00"
"800";"Unidad Educativa Norberto Jimenez";"N/A";"439";"2026-03-06 00:00:00";"2026-03-06 00:00:00"
"801";"Unidad Educativa Llavini";"N/A";"440";"2026-03-06 00:00:00";"2026-03-06 00:00:00"
"802";"Unidad Educativa San Antonio";"N/A";"441";"2026-03-06 00:00:00";"2026-03-06 00:00:00"
"803";"Unidad Educativa Sucre";"N/A";"442";"2026-03-06 00:00:00";"2026-03-06 00:00:00"
"804";"Escuela Monseñor Angel Gelmi";"N/A";"443";"2026-03-06 00:00:00";"2026-03-06 00:00:00"
"805";"U.E. Tumuyo";"N/A";"444";"2026-03-06 00:00:00";"2026-03-06 00:00:00"
"806";"U.E. Tunas Vinto";"N/A";"445";"2026-03-06 00:00:00";"2026-03-06 00:00:00"
"807";"Unidad Educativa Central Villa Pereira";"N/A";"446";"2026-03-06 00:00:00";"2026-03-06 00:00:00"
"808";"Unidad Educativa Waca Playa";"N/A";"447";"2026-03-06 00:00:00";"2026-03-06 00:00:00"
"809";"U.E. Churo Grande";"N/A";"448";"2026-03-06 00:00:00";"2026-03-06 00:00:00"
"810";"U.E. 4 de Abril";"N/A";"449";"2026-03-06 00:00:00";"2026-03-06 00:00:00"
"811";"U.E. Agrigento B";"N/A";"450";"2026-03-06 00:00:00";"2026-03-06 00:00:00"
"812";"U.E. Ibuelo";"N/A";"451";"2026-03-06 00:00:00";"2026-03-06 00:00:00"
"813";"U.E. Ivirizu";"N/A";"452";"2026-03-06 00:00:00";"2026-03-06 00:00:00"
"814";"U.E. Demetrio Canelas";"N/A";"453";"2026-03-06 00:00:00";"2026-03-06 00:00:00"
"815";"U.E. Majo Pampa";"N/A";"454";"2026-03-06 00:00:00";"2026-03-06 00:00:00"
"816";"U.E. Puerto Aroma";"N/A";"455";"2026-03-06 00:00:00";"2026-03-06 00:00:00"
"817";"U.E. San Isidro";"N/A";"456";"2026-03-06 00:00:00";"2026-03-06 00:00:00"
"818";"U.E. San Luis";"N/A";"457";"2026-03-06 00:00:00";"2026-03-06 00:00:00"
"819";"U. E. Marcelo Quiroga Santa Cruz";"N/A";"458";"2026-03-06 00:00:00";"2026-03-06 00:00:00"
"820";"U. E. Evo Morales Ayma";"N/A";"459";"2026-03-06 00:00:00";"2026-03-06 00:00:00"
"821";"U. E. German Busch B";"N/A";"459";"2026-03-06 00:00:00";"2026-03-06 00:00:00"
"822";"U.E. German Busch A";"N/A";"459";"2026-03-06 00:00:00";"2026-03-06 00:00:00"
"823";"U.E. Mcal.Sucre";"N/A";"459";"2026-03-06 00:00:00";"2026-03-06 00:00:00"
"824";"U.E. Boqueron K`Asa";"N/A";"460";"2026-03-06 00:00:00";"2026-03-06 00:00:00"
"825";"Escuela Cotani Bajo";"N/A";"37";"2026-03-06 00:00:00";"2026-03-06 00:00:00"
"826";"Nucleo Escolar Iluri Grande";"N/A";"462";"2026-03-06 00:00:00";"2026-03-06 00:00:00"
"827";"Escuela Koari (Nucleo Esc. S. Bolivar)";"N/A";"463";"2026-03-06 00:00:00";"2026-03-06 00:00:00"
"828";"U.E. 4 de Agosto";"N/A";"464";"2026-03-06 00:00:00";"2026-03-06 00:00:00"
"829";"Escuela Seccional Pairumani";"N/A";"465";"2026-03-06 00:00:00";"2026-03-06 00:00:00"
"830";"Unidad Educativa Palca T";"N/A";"466";"2026-03-06 00:00:00";"2026-03-06 00:00:00"
"831";"Unidad Educativa Rodeo";"N/A";"467";"2026-03-06 00:00:00";"2026-03-06 00:00:00"
"832";"Escuela Seccional Sacabambilla";"N/A";"468";"2026-03-06 00:00:00";"2026-03-06 00:00:00"
"833";"Colegio Juan Jose Carrasco";"N/A";"469";"2026-03-06 00:00:00";"2026-03-06 00:00:00"
"834";"U. E. Isabel Torrico Arnez";"N/A";"469";"2026-03-06 00:00:00";"2026-03-06 00:00:00"
"835";"U. E. Luis Espinal Camps";"N/A";"470";"2026-03-06 00:00:00";"2026-03-06 00:00:00"
